,Predicted Labels,True Labels,Misclassification,Text,Logit Values,Probabilities
0,positive,neutral,MISS,@USER Kl√¶k det √¶g!,[ 0.24070255 -0.59575486  0.25636074],[0.4083259  0.17690417 0.4147699 ]
1,negative,negative,TRUE,"Jeg er sindssygt enig i, at pr√¶missen om r√∏d og bl√• blok er √∏del√¶ggende. Medierne kunne g√∏re en k√¶mpe forskel, hvis de redefinerede m√•den de d√¶kker politik p√•, men desv√¶rre er et bin√¶rt verdensbillede langt mere enkelt at forholde sig til end et systemisk. #dkpol #dkmedier [LINK]",[ 1.6039388 -1.1433433 -0.8520395],[0.8696552  0.05574651 0.07459835]
2,negative,negative,TRUE,@USER @USER @USER @USER @USER @USER Uanset hvad du har lavet f√∏r er det ingen undskyldning for at v√¶re dum p√• twitter,[ 1.3129503 -0.4521247 -1.0401014],[0.7897319  0.13518153 0.07508658]
3,negative,negative,TRUE,"@USER Det var derfor jeg lige skrev det d√©r for en sikkerheds skyld. Det var ikke tydeligt for mig, det var en joke.

Jeg er med p√• holdet med ikke rigtig at have dr√∏mme for livet. Jeg vil ikke sige, mit liv er et mareridt l√¶ngere, men har m√•ttet l√¶re ikke at have h√•b og dr√∏mme.",[ 0.5159024  -0.18796422 -0.46901965],[0.53529257 0.26479256 0.19991481]
4,neutral,neutral,TRUE,"@USER S√•dan skal forsendelser selvf√∏lgelig ikke levers. Hvis du ikke er hjemme eller den ikke kan v√¶re i postkasse, er det p√• posthuset. 
Kan jeg be' dig om at sende pakkenummer samt adressen i pb? S√• unders√∏ge jeg n√¶rmere.

^TV",[-0.67234653  1.0199138  -0.18712181],[0.12412671 0.6742245  0.2016488 ]
5,neutral,neutral,TRUE,RT @USER: No plans today? Stream the latest #Riverdale: [LINK] [LINK],[-1.5661033   0.8739244   0.79117614],[0.04341118 0.4980721  0.45851666]
6,negative,neutral,MISS,"La oss si at Chelsea beholder Hazard. 
Kepa
Dave
Luiz
Rudi
Emerson
Jorghino
Kante
RLC
CHO
Hazard
Abraham

Men det viktigste er faktisk √• beholde Sarri.
Lukter gull neste √•r.
#carefree",[ 1.3659126 -1.1717641 -0.5159562],[0.81211346 0.06419743 0.12368912]
7,negative,negative,TRUE,"@USER @USER @USER @USER Synes bare det er lidt underligt at frydes over, at der fjernes forskningsmidler fra kernekraft? Hvis det blev for √¶rgerlig en drejning, kan vi da godt holde her. Min holdning er, at der er en uforholdsm√¶ssig stor modvilje mod kernekraft i Danmark i forhold til vidensniveauet.",[ 1.4297599 -0.7873329 -0.9991462],[0.83538103 0.09099415 0.0736248 ]
8,negative,neutral,MISS,"Danmark er nok det eneste sted i verden, hvor ytringfriheden √•benbart st√•r over loven....

#DKpol",[ 1.557919  -0.9969319 -0.9234507],[0.86107993 0.06690919 0.0720109 ]
9,negative,negative,TRUE,"√òv @USER! Du snakker udenom i @USER om billigere tandpleje
I praler af at have haft regeringsansvar i 17 af de seneste 20 √•r &amp; s√• snakker du om at bureaukratiske tilskudsodninger &amp; at andre skal byde ind med finansiering
Hvad laver jeres ministre? #sundpol #dkpol",[ 1.4795883 -1.0979525 -0.6756477],[0.83904135 0.06373406 0.09722463]
10,neutral,neutral,TRUE,"Hvis brugsen i Pedersker skal overleve, skal medlemmerne begynde at bruge lidt flere penge.

Se mere i nyhederne kl. 19.30. [LINK]",[-0.6905655   1.089475   -0.14103007],[0.11543953 0.6845675  0.19999295]
11,neutral,positive,MISS,"@USER @USER @USER @USER Og her er den lille statistik, som @USER gjorde sit bedste for at skyde ned ;)

#esportdk #csgo #globaloffensive 

[LINK]",[-1.106982    0.6287467   0.49178976],[0.08605842 0.4882146  0.42572695]
12,positive,positive,TRUE,"Anbefalet. Journalistens @USER bes√∏gte @USER i g√•r, og hans reportage giver et fedt (og citatsp√¶kket) indtryk af stemningen üëè #dkmedier #dkpol [LINK]",[-1.2244014   0.31645894  1.0429156 ],[0.06526534 0.30469805 0.6300366 ]
13,negative,negative,TRUE,"@USER @USER @USER Det er jo ikke tilf√¶ldigt det hedder national SOCIALISME. Han fik stemmer og kom til magten netop p√•, at alle fik job, velstand, velf√¶rd og en VW. Han var faktisk ret popul√¶r i starten indtil det socialistiske slog igennem og alle mistede det hele igen, inklusive demokratiet",[ 1.4463499 -0.7266468 -1.0871378],[0.83807    0.09540253 0.0665274 ]
14,neutral,negative,MISS,@USER @USER Alle fersken-vingummier p√• et skib og ud af verden. Asap.,[-0.3271152   0.9607597  -0.57779664],[0.18507054 0.67089456 0.1440349 ]
15,positive,positive,TRUE,Det her er ganske enkelt fremragende #takemymoney [LINK],[-1.5994877   0.8197539   0.91319865],[0.04069116 0.45726013 0.50204873]
16,positive,neutral,MISS,"@USER Ok s√• g√•r jeg i det mindste ikke glip af noget. Jeg lavede blogger-madder med avokado, hytteost og pocheret √¶g i stedt (er det stadig blogger mad hvis man ikke tager billede af det?)",[-0.37307966 -0.07852577  0.4086786 ],[0.22085592 0.2965051  0.48263893]
17,negative,negative,TRUE,"Yderligere nedsabling af integrationsomr√•det skal nu betale for vores sundhedssektor i en tid hvor regeringen har 40 milliarder i overskud p√• budgettet og hvor Rockwool fonden har vist, at integrationsbesparelserne √∏ger kriminaliteten.
#dkpol
[LINK]",[ 1.088447   -0.4144335  -0.62306833],[0.71271753 0.15857138 0.12871104]
18,negative,negative,TRUE,"Det er imponerede at #dkpol har kunnet slippe afsted med det 'argument' i √•revis uden at #dkmedier stiller det indlysende sp√∏rgsm√•l; 'Jamen er vi ikke enige om, at i civiliserede samfund, g√∏r vi aldrig overlagt skade p√• gidsler'?",[ 1.6392305  -1.1601945  -0.85986555],[0.87488735 0.05323255 0.07188008]
19,positive,positive,TRUE,"N√•h, men s√• var det jo at jeg var p√• arbejde i et par dage i Jylland &amp; derfor f√∏rst nu har f√•et l√¶st @USER's fremragende analyse &amp; longread om forholdet mellem @USER &amp; @USER for @USER - den kan sagtens t√•le at blive delt igen #dkpol [LINK]",[-0.9242542  -0.00774599  1.0717417 ],[0.09208043 0.2302511  0.67766845]
20,positive,positive,TRUE,.@USER i fremragende sejr ‚Äì k√¶mpestort tillykke! ‚Äì gjorde s√∏ndagens Li√©ge-Bastogne-Li√©ge til den mest sete udgave i 20 √•r af denne cykelklassiker og var med til at g√∏re 28. april til √•rets st√¶rkeste s√∏ndag p√• TV 2 siden VM-h√•ndboldfinalen. #dkmedier #cyklingtv2 #cycling [LINK],[-1.1561371   0.09202692  1.1350963 ],[0.06958425 0.24242742 0.6879883 ]
21,neutral,neutral,TRUE,"@USER @USER Det vilde er, at Cruyff havde st√∏rre betydning i FC Barcelona som tr√¶ner end som spiiller üòÅüëçüèº",[-0.29376084  0.21650276 -0.12951814],[0.26013008 0.43330652 0.30656338]
22,negative,negative,TRUE,Det er trist og pinligt at opleve direkte l√∏gn p√• twitter. EU giver hektarst√∏tte til opdyrkning af jord. Ikke til k√∏dproduktion. #propagandal√∏gn [LINK],[ 1.54866    -1.158579   -0.85717386],[0.8643707  0.05767146 0.07795781]
23,negative,neutral,MISS,"At behandle fake news som en smitsom sygdom er ikke n√∏dvendigvis en ny tilgang, men interessant, n√•r det kommer fra et af verdens lande med det st√∏rste forbrug af sociale medier. #FakeNews #dkmedier [LINK]",[ 1.0428394  -0.70921034 -0.5067571 ],[0.72163    0.12514372 0.1532263 ]
24,neutral,positive,MISS,"Dislike homofobiske tilr√•b. I selskab med @USER, Jonas Bager og Mathias Heiberg, har vi i f√¶llesskab sat nogle ord p√• episoderne som skete s√∏ndag og mandag. 
[LINK]
#sldk #signejtilhomofobi",[-1.3895777   1.1261096   0.45364374],[0.05078213 0.62843454 0.32078335]
25,negative,negative,TRUE,"@USER Selvf√∏lgelig. Der er masser af gode undskyldninger for, at man gjorde, som man gjorde. Man fattede jo √•benlyst ikke sagens alvor. Men at g√• i flyverskjul indtil ens egen unders√∏gelse var klar - en unders√∏gelse der kun kunne v√¶re negativ for bank/ledelse - var et underligt tr√¶k.",[ 1.1947955 -0.8091931 -0.6669907],[0.7750788  0.10447796 0.12044323]
26,positive,positive,TRUE,@USER @USER Stort tillykke til dig og Sundhedsstyrelsen :-),[-1.222259    0.17666396  1.101796  ],[0.06549706 0.26531786 0.66918504]
27,neutral,neutral,TRUE,@USER L√¶s artiklen. Det er de 14 danskere i EP - sammenlignet med de 179 i Folketinget :-),[-0.99500394  0.95347136  0.17499566],[0.08896821 0.6243771  0.28665483]
28,negative,negative,TRUE,"@USER Helt enig. Ignorer ham, ligesom man ignorerer andre, der bare vil provokere. Men man b√∏r nok sikre, at han ikke har v√¶sentlige psykiatriske problemer. Og s√• m√• det v√¶re helt klart at man ikke kaster med sten efter politiet eller br√¶nder biler af under nogen omst√¶ndigheder. #dkpol",[ 1.4507865 -0.7809052 -1.054193 ],[0.84102595 0.09028134 0.06869269]
29,neutral,positive,MISS,"@USER Hvor mange burpees tager du, hvis det udskrives f√∏r;-)",[-0.40362954  1.126994   -0.45480087],[0.15217982 0.7032317  0.14458846]
30,negative,negative,TRUE,"Enhver skattelettelse er en underminering af velf√¶rdsstaten ! 

HUSK - Man skal blot lade v√¶re med at stemme p√• de Liberale Partier og de Borgerlige Partier og p√• St√∏tte Partiet Dansk Folkeparti n√•r Folketingsvalget 
kommer ! [LINK]",[ 1.5150481 -1.0963624 -0.7931528],[0.8526088  0.06260782 0.08478342]
31,positive,positive,TRUE,"@USER Jeg er oprigtig trist over grunden til dine to st√¶rkt hj√¶lpsomme b√∏ger om sorg, og jeg er ligeledes trist over, at der i januar opstod en anledning til at h√∏re dem. Det sagt, er jeg alligevel glad for, at du gjorde det og at jeg h√∏rte dem, s√• tak, Esben.",[-0.600357    0.03427051  0.66229874],[0.15573616 0.29376814 0.5504957 ]
32,neutral,negative,MISS,@USER @USER @USER Ja for de havde haft pr√¶cis samme betydning for kampen.... √Üdru? N√¶ppe.,[-1.0676583   0.75230736  0.3022151 ],[0.09003738 0.55567884 0.3542838 ]
33,negative,negative,TRUE,@USER To gange inden for 14 dage har P1 Debat haft ham p√•... Er det virkelig n√∏dvendigt @USER ?? Skal vi ikke snart sk√•ne det dyrebare offentlige rum lidt?,[ 0.81888866 -0.01862502 -0.88755834],[0.61946553 0.26809555 0.11243891]
34,neutral,neutral,TRUE,Hurtigt overblik: Her er de vigtigste nyheder fra Finans tirsdag morgen [LINK] [LINK],[-1.280121    1.4305702  -0.04468262],[0.05133588 0.7720745  0.17658956]
35,negative,negative,TRUE,"@USER Hej Daniel, nu var det jo lige Br√∏ndbyfans, der toppede dumheden i g√•r. Men jeg er s√•dan set fl√∏jtende ligeglad, hvilket hold du hepper p√•: Stop homofobi! Det g√¶lder alle klubber og fans, det burde egentligt ikke v√¶re n√∏dvendigt at understreg, men nu har du det s√• sort p√• hvidt.",[ 1.3687643 -1.0795164 -0.690049 ],[0.82369107 0.07120156 0.10510734]
36,neutral,positive,MISS,Se de flotte dronebilleder: V√•de marker forsinker landm√¶ndenes for√•rsarbejde [LINK],[-1.4209881   0.89878124  0.67096627],[0.0518832  0.5278248  0.42029193]
37,neutral,neutral,TRUE,"Br√∏ndby IF skifter. '73: Simon Tibbling g√•r ud, og Besar Halimi kommer ind",[-1.0039631  0.6553653  0.6067648],[0.08879232 0.46667293 0.4445347 ]
38,positive,positive,TRUE,Har her til morgen lyttet 3 x til Journey - Separate ways... #maarupmusikinspiration #rock #classicü§ò [LINK],[-1.0721653   0.46200034  0.7635224 ],[0.08398493 0.3894763  0.5265388 ]
39,negative,negative,TRUE,"Et enigt folketing stemmer for en lov, som forbyder ‚Äújomfruhinde kirugi‚Äù og selv samme folketing t√∏r ikke indf√∏rer en mindstealder for omsk√¶ring. Det er diskrimination og helt urimelig forskelsbehandling af drenge og piger #dkpol",[ 1.5563756 -1.0202011 -0.9350311],[0.8629413  0.06561275 0.07144587]
40,negative,negative,TRUE,"@USER @USER Det er s√• pinlig en sag at det er helt vildt! De har fordrejet sandheden i en absurd grad og nu vil de blande sig i ledelsen af skolen? Hvad sker der for dem? Den centraliserende og autorit√¶re tankegang der har udviklet sig er kvalmende, det m√• da v√¶re helt op til skolen!",[ 1.6323396 -1.0366699 -1.0381138],[0.8783165  0.06088566 0.06079779]
41,positive,positive,TRUE,"Aktieinvesteringer giver erhvervslivet mulighed for at vokse og skabe arbejdspladser. Det er til gavn for hele DK. Deltag og h√∏r mere den 3. maj: ""B√∏rsforum: Et aktiemarked for de mange - ikke for de f√•‚Äù. [LINK] #flereb√∏rsnoteringer @USER @USER Cph",[-1.1255443   0.48993367  0.86991185],[0.07470575 0.37579176 0.5495025 ]
42,positive,positive,TRUE,"@USER Jeg synes det er fremragende at du saver United over podcast efter podcast for derefter at blive kaldt United liderlig üòÇüòÇüòÇ
Og ham der synes Monnerup taler og taler har vist aldrig h√∏rt en podcast med Hebo ü§™",[-0.5565444 -0.2612282  0.7685483],[0.16377103 0.22003478 0.6161942 ]
43,positive,neutral,MISS,"Stor forvirring tirsdag: Men dagen sluttede med, at 95 af kantonstyrets 150 storr√•dsmedlemmer i Vaud vedtog en 5G-bekymret resolution, som s√¶tter #5G p√• pause og afventer national milj√∏udredning.
Se Tabt Tr√•d p√• Facebook.
#dkpol #dktele #dkmedier #dkgreen [LINK]",[-0.93496996  0.539906    0.69353503],[0.09554069 0.41755998 0.48689926]
44,positive,positive,TRUE,"@USER Hej Christoffer! Denmark Demo Day er lige rundt om hj√∏rnet, s√• t√¶nkte p√•, om I har brug for flere h√¶nder til arrangementet? Har tidligere erfaring med Events i iv√¶rks√¶tter √∏kosystemet og g√∏r det gerne frivilligt!",[-1.1148087  0.4132947  0.9008272],[0.07624901 0.35146418 0.57228684]
45,negative,positive,MISS,"@USER Gad vide hvor mange af kommentarerne der kommer fra mennesker der har arbejdet med integration, og kender udfordringens egentlige omfang. Ja, linien er h√•rd. Ja, det er n√∏dvendigt. H√•ber du stadig er her efter valget, Mark. Keep up the good work.",[ 0.6615671  -0.15635197 -0.71497256],[0.5903886  0.2605675  0.14904393]
46,neutral,positive,MISS,@USER @USER Du skal k√∏be bladet min ven. Der er en 12 sider lang feature.,[-1.042041    1.1812439  -0.01159481],[0.07668747 0.70841    0.21490249]
47,negative,positive,MISS,"God at starte ugen p√• - igen og igen. Det b√¶r ingen f√∏le sig for sikker eller for stor til üôèüèª #dkpol #ep19dk Jeg ved, det er sv√¶rt - men ironien er tyk, Pia | BT Debat - [LINK] [LINK]",[ 0.5611993  -0.87816554  0.19992298],[0.51709926 0.12259299 0.36030772]
48,negative,negative,TRUE,"Fiasko eller ej, det er uden betydning. Jeg fatter ikke hvorfor DF hele tiden skal g√∏re sig til smagsdommere. Dette land bliver fattigere med deres indblanding i film og TV. #dkmedier #dkpol #
[LINK]",[ 1.361194  -1.0005538 -0.80222  ],[0.8270017  0.07794933 0.09504902]
49,neutral,positive,MISS,@USER Vent hvad er det her lol,[-0.55417395  0.5839563   0.07905444],[0.16653873 0.5197553  0.31370598]
50,positive,neutral,MISS,"@USER Det er en fin anledning, jeg kan godt huske den del, fra jeg selv stod der. Det var mere for de tilf√¶lde, hvor ingen pr√∏ver eller holder √∏je med den slags, og man s√• fx lige skal finde faren og derfor har brug for at vide hvorn√•r, det kan v√¶re sket.",[-0.7919843   0.33855954  0.6082092 ],[0.12264935 0.3798868  0.49746388]
51,neutral,neutral,TRUE,"35. En frisparkskombination ender ved Greve bagerst i feltet. Han finder Schoop, men anf√∏reren sender bolden forbi. (0-0) #AGFVB #sldk #VejleB",[-1.4909464   1.0873624   0.59675515],[0.04496162 0.59236205 0.36267635]
52,positive,positive,TRUE,Utrolig flotte resultater af @USER og #persimune. Ikke hver dag dansk sundhedsforskning n√•r internationale mediers forside. Tillykke med det [LINK],[-0.7975731  -0.26545402  1.1219535 ],[0.10503907 0.17883283 0.71612805]
53,negative,negative,TRUE,"@USER @USER N√•rth, socialisme som i fx Frankrig og Spanien i √•rtier? Det her med at ligestille socialisme med kleptokratier, alene fordi de kalder sig socialister, er en af de mere tynde str√•m√¶nd. Om det skyldes intellektuel uh√¶derlighed eller intellektuel inkompetence kan vi blot g√¶tte p√•.",[ 1.3965341  -0.46019095 -1.1774986 ],[0.81141776 0.1267299  0.06185236]
54,negative,negative,TRUE,@USER @USER Birn er vel mere en Borat eller Mr. Bean?,[ 0.50798327  0.08958218 -0.7523698 ],[0.5150253  0.33893725 0.14603743]
55,negative,negative,TRUE,"@USER Hvor l√¶nge finder Ib Poulsen sig i at blive gjort til grin af DFs ledelse som er fuldst√¶ndig ligeglad med det arbejde som han g√•r og laver?
Er det nu her kort tid f√∏r valget, at han tr√¶der i karakter og viser dem at han selv bestemmer hvordan han vil h√•ndtere ministerens svigt?",[ 1.5420632 -0.7332954 -1.1158048],[0.8526184  0.0876151  0.05976643]
56,negative,negative,TRUE,@USER I know. De burde forgude en for den overmenneskelige indsat.,[ 1.6135294 -0.9782676 -1.048735 ],[0.87361014 0.06542059 0.06096926]
57,neutral,neutral,TRUE,@USER Hvor har du kortet fra?,[-0.75147754  1.4101533  -0.4793728 ],[0.0909255  0.78971434 0.11936013]
58,positive,positive,TRUE,@USER Hvis jeg nogensinde skal have briller üëçüòé,[-0.5425267   0.20616049  0.33006406],[0.18157634 0.38389283 0.43453088]
59,negative,negative,TRUE,"@USER Bloker dem med det samme - jeg er blevet ringet op 13 dage i streg af et nummer fra Holland, der bare sm√¶kker p√•. üò¨",[ 0.34111577 -0.15752266 -0.2981323 ],[0.46837398 0.28447026 0.24715582]
60,neutral,neutral,TRUE,"Cardiff asian +3 ude mod City @ 2.12
Aguero er ude med skade og Pep har varslet rotation til kampen. Jeg synes endvidere, at odds 60 for Cardiff sejr er sp√¶nende, men v√¶lger den konservative linje. #pldk",[-1.2957917  0.8113952  0.7141228],[0.05992419 0.49288076 0.44719508]
61,neutral,neutral,TRUE,Medie: Axcel s√¶lger dansk it-komet [LINK] [LINK],[-1.3837657   1.4861977   0.00190834],[0.04418153 0.779202   0.17661653]
62,neutral,neutral,TRUE,Antallet af rygere stiger for f√∏rste gang i 20 √•r [LINK] #lokalavisen #nyheder,[-1.1125678   1.4879373  -0.24742807],[0.05936171 0.7996343  0.14100412]
63,neutral,neutral,TRUE,"@USER Nej, jeg √¶ndrer manuelt formation inde i kampen, og s√• sker denne bug",[-1.1285547   0.9078519   0.40387672],[0.07523073 0.5764947  0.3482745 ]
64,positive,positive,TRUE,@USER Gl√¶der mig til at pr√∏ve dem!,[-0.92623323 -0.11139692  1.0832632 ],[0.0932978  0.21074164 0.6959605 ]
65,negative,negative,TRUE,"Skatteministeren forklarer, hvorfor det g√•r s√• tr√¶gt at f√• kradset g√¶ld ind, at han f√•r statsrevisorerne b√•de p√• nakken og p√• talerstolen i Folketinget #dkpol #skat #venstre #nordjylland [LINK]",[ 1.0692133  -0.40742284 -0.7490993 ],[0.7190602  0.16423674 0.11670303]
66,negative,neutral,MISS,"@USER @USER @USER Stigningen i pensionsalderen er p√• mange m√•der en papirl√∏sning for folk vil oph√∏re med at arbejde tidligere og i stedet modtage kontanthj√¶lp, en ydelse der i dag er h√∏jere, men vil have st√∏rre sociale og √∏konomiske omkostninger for de ramte, end en tidligere folkepension.",[ 1.1900584  -0.17250912 -1.1376777 ],[0.7388149  0.18913859 0.07204649]
67,neutral,neutral,TRUE,Pause i Nyk√∏bing FC-HB K√∏ge. Stilling: 1-1. Mere info her: [LINK] #1div #Nyk√∏bingFC #HBK√∏ge,[-1.54709     1.4022921   0.24277459],[0.03833944 0.7320593  0.22960122]
68,negative,negative,TRUE,"@USER @USER @USER @USER Det er trist at du ikke kan se det store billede. At du ikke kan se at samtlige konflikter verden over er finansieret af stormagter og alliancer, for at sikre billige ressourcer. At der er i mellem√∏sten ikke findes en eneste diktator som ikke sidder p√• USA's eller Ruslands n√•de.",[ 1.5136745 -0.7235794 -1.1271042],[0.8488554  0.09061638 0.06052825]
69,negative,negative,TRUE,"@USER Nej, men lad v√¶re med at lyve om at det er opst√•et helt af sig selv og ikke skyldes, at I har mulighed for at f√• opm√¶rksomhed p√• et niveau, som ingen andre.",[ 1.2500712  -0.53720915 -0.9588962 ],[0.78294504 0.13107663 0.08597831]
70,negative,positive,MISS,"vi skal bestemt ogs√• v√¶re opm√¶rksomme...

‚ÄòBare fordi man er banal, betyder det ikke, at man ikke er farlig. Bare fordi man er latterlig, betyder det ikke, at man ikke skal tages alvorligt‚Äô - √Ösne Seierstad [LINK]",[ 1.374406   -0.86470985 -0.6457153 ],[0.8069774  0.0859856  0.10703698]
71,neutral,negative,MISS,Har tappet millioner fra varmekunder - enegikoncernen Eniig t√∏mmer kassen inden frasalg [LINK] #dkbiz #dkpol,[ 0.01759496  0.31957966 -0.30187166],[0.3247727  0.4392682  0.23595917]
72,neutral,neutral,TRUE,@USER Jeg synes at den isolationerede d√¶kning ogs√• har medf√∏rt en h√∏jredrejning af hele diskursens pr√¶misser -&gt; [LINK],[-0.3531258   0.28433076 -0.04742701],[0.23533638 0.44517723 0.3194864 ]
73,neutral,negative,MISS,"@USER @USER @USER @USER Hvordan h√¶nger det sammen med Enhedslisten? Jeg kan f.eks. huske den sidste debat i 2007, hvor Johanne Schmidt deltog, selvom hun var ny kandidat.",[-0.13524204  0.9221289  -0.7251016 ],[0.22557081 0.64937156 0.12505761]
74,positive,positive,TRUE,"RT @USER: K√¶re AAB fans,

Fedt at se i er s√• mange. Endda p√• en torsdag. Det kunne de l√¶re lidt af i Herning.",[-0.9486748  -0.03465305  1.084426  ],[0.08983058 0.22406746 0.686102  ]
75,negative,neutral,MISS,@USER @USER @USER Jeg er tilb√∏jelig til at sp√∏rge dig; hvorfor?,[ 0.62732834  0.10020541 -0.8738846 ],[0.55152315 0.3255646  0.12291228]
76,negative,negative,TRUE,@USER K√∏re Uwe max - Hvis du bliver valgt ind s√• m√• du love mig at l√¶gge en ordentlig lort p√• Christiansborg for alle os borgere der kun kan dr√∏mme om det! Vi er dog ikke enige politisk - da jeg tror p√• √¶gte n√¶rdemokrati og ingen repr√¶senterer det endnu. P√• forh√•nd tak,[ 0.88744277 -0.6994378  -0.38275713],[0.67324734 0.13772132 0.18903135]
77,positive,positive,TRUE,"STOLT over netop at v√¶re blevet genvalgt som folketingskandidat for Radikale Venstre p√• Frederiksberg!

Dermed vil jeg for en god ordens skyld v√¶re at finde p√• stemmesedlen til folketingsvalget i hele K√∏benhavn üòâ 
@USER #fv19 [LINK]",[ 0.07327769 -0.59975696  0.3664694 ],[0.35077164 0.17894898 0.47027946]
78,positive,positive,TRUE,"@USER Hej Mikkel, jeg har slettet opslaget, for kom til at skrive en fejl. Det er jo helt oplagt at samle hele serien online, men lige nu g√•r vores digitale arkiv ikke s√• langt tilbage. Vi arbejder p√• sagen ;-) Tak for tippet!",[-1.0248007   0.2014085   0.98730975],[0.0841229  0.2867148  0.62916225]
79,positive,positive,TRUE,"@USER Der er sket s√• meget! Var her sidst for 14 √•r siden, og det er en helt anden by (mere turistet, men bedre mad hvis man ved hvor man skal g√• hen)... Byen er stadig lige smuk!",[-0.51764834 -0.02230222  0.6091465 ],[0.1746171  0.2865582  0.53882474]
80,negative,negative,TRUE,"Nyt lovforslag vil give @USER lov til at indsamle f√∏lsomme oplysninger om ansatte og l√•ne deres kollegaers identitet for at lokke dem i f√¶lder, som kan koste dem jobbet. Sl√∏seri skal have konsekvenser, siger forsvarsministeren. [LINK] #dkpol",[ 1.0428485 -0.4061252 -0.7468436],[0.7133569  0.16750416 0.11913887]
81,negative,negative,TRUE,"@USER @USER S√• du vil hellere g√• diktatorens √¶rinde og lade ham blive kaldt ""Den store leder"" som titel? (Supreme leader oversat).",[ 0.9028767  -0.02625908 -1.010102  ],[0.6482836  0.25600383 0.09571256]
82,negative,negative,TRUE,"@USER Hvilken seri√∏s l√∏sning er det du mener at S og venstrefl√∏jen havde? Der var intet konkret p√• bordet kun hensigter som skulle f√• tilpas mange v√¶lgere til at falde til patten s√• S kunne f√• regeringsmagten. Realpolitik Pelle, det er hvad vi √∏nsker, ikke luftkasteller.",[ 1.496326  -0.7228215 -1.1194297],[0.8461567  0.09197871 0.06186465]
83,neutral,neutral,TRUE,@USER @USER s√¶tter s√¶rlig fokus p√• de mange jazz koncerter i Tivoli som kulturdirekt√∏r @USER n√¶vnte p√• pressem√∏det #dkmedier @USER,[-1.4261873   1.3259312   0.19906695],[0.04596535 0.720544   0.23349069]
84,neutral,neutral,TRUE,Aarhus United-talent skifter til tysk topklub - [LINK] [LINK],[-1.5229278   1.4490447   0.12155721],[0.03889727 0.75967944 0.20142339]
85,negative,neutral,MISS,Neeej... Det da ikke passe...#trppol #dkpol [LINK],[ 1.3469579  -1.1515052  -0.48168677],[0.8046073  0.06614777 0.12924495]
86,neutral,neutral,TRUE,Se filmen f√∏r serien [LINK],[-1.3828793   1.5017878  -0.05974953],[0.04414473 0.79008496 0.16577032]
87,positive,positive,TRUE,"@USER Det er sjovt.
Blanding af Squash og Tennis
Tempofyldt double p√• mini-tennis bane",[-1.3309462   0.46949193  0.9939648 ],[0.05787683 0.35028794 0.5918352 ]
88,positive,positive,TRUE,@USER Jeg har en til 60K Sover ufattelig godt i den ...,[-0.50315195 -0.16717179  0.7317283 ],[0.17131272 0.23971981 0.58896744]
89,neutral,negative,MISS,"Hvordan sp√∏rger man en kilde: ‚ÄùEr du ikke-bin√¶r?‚Äù #dkmedier 
[LINK]",[-0.43823263  1.0333544  -0.37581053],[0.15574978 0.67846835 0.16578189]
90,neutral,neutral,TRUE,"@USER @USER Erkender, at han ikke har v√¶ret prangende. Men forudsigelsen knytter sig nu ogs√• prim√¶rt til, at han er straffesparksskytte.",[-0.10857338  0.786397   -0.6817426 ],[0.24931444 0.6101381  0.14054753]
91,positive,positive,TRUE,Er det sjovt at h√∏re fire √∏konomer snakke om renter og befolkningsudvikling i 25 minutter? Det var i hvert fald sjovt at lave. H√∏r med her (p√• engelsk). #dk√∏ko [LINK],[-0.6163934   0.05152471  0.61165273],[0.15711598 0.3064034  0.53648067]
92,negative,positive,MISS,Astralis!!!!! I er s√• vilde!!! I tonser forbi alle og lader det regne med utility #zulucs,[ 0.8701529  -0.94300014 -0.06759866],[0.6432332  0.10493638 0.25183037]
93,neutral,neutral,TRUE,"Strive Sport sikrer sig rettigheder til Major League Soccer
[LINK] [LINK]",[-1.5629585   1.4244168   0.20961875],[0.03742576 0.742286   0.22028822]
94,negative,negative,TRUE,Det h√¶nger ikke sammen - overhovedet - og er slet ikke gennemt√¶nkt! #NokerNok #Jarlovsyndromet #ForbandedeHyklere #dkpol #dkmedier [LINK],[ 1.4537979 -1.2235801 -0.5972516],[0.83518255 0.05741308 0.10740437]
95,neutral,positive,MISS,YouGov Denmark: Rema 1000 er danske kvinders darling #brandindex #womensrankings2019 [LINK],[-1.6549553  1.1823169  0.5715793],[0.03658068 0.62440073 0.33901855]
96,positive,positive,TRUE,"TEAM NEWS üóíÔ∏è Startopstillingen til dagens kamp mod @USER er kommet. Og der er genvalg til stort set samtlige mand fra sidste kamp mod Randers FC.
Go' kamp! üí™‚öΩÔ∏è #sldk #venaab [LINK]",[-1.4766555   0.46075863  1.1189367 ],[0.04684873 0.32516658 0.6279847 ]
97,positive,positive,TRUE,Godt oprids af situationen i Algeriet her #dkpol #dkmedier #dkaid [LINK],[-1.5665711   0.70696396  0.89689654],[0.04452528 0.4325043  0.5229704 ]
98,negative,negative,TRUE,@USER Jeg h√•ber virkelig han referere til sig selv... ellers er det da et virkelig trist og lavt niveau dks ansigt ud af til har..üò≥ü§î,[ 0.80329037 -0.944199   -0.09749424],[0.63272655 0.11022777 0.2570457 ]
99,neutral,positive,MISS,@USER √¶respris g√•r i √•r til @USER - for at formidle forskning. Og for at have holdninger til tobak og alkohol - og for at f√• forebyggelse p√• den sundhedspolitiske dagsorden #sundpol #dkpol - tillykke [LINK],[-0.58724844  0.54683775  0.09799367],[0.16413397 0.5101828  0.32568318]
100,negative,negative,TRUE,Steen Jakobsen (V): Skammeligt at Lars L√∏kke ikke lytter til sit bagland [LINK],[ 0.9277944  -0.50886554 -0.64183575],[0.69163823 0.16441654 0.14394523]
101,neutral,positive,MISS,"@USER @USER Sikkert nok, og du har ret i, at der ""altid"" er mange Br√∏ndby-folk med i Odense. Men den fine kulisse i dag skyldes ogs√• et p√¶nt Odense-fremm√∏de.",[-0.9206391   0.5451507   0.47982806],[0.10651831 0.4613268  0.4321549 ]
102,neutral,positive,MISS,"RT @USER: Det g√∏r vi nemlig üíöKom og del din mening med osü§ì
#dkpol #flerevedmere [LINK]",[-1.5394493  0.8964448  0.7967882],[0.04392076 0.5018398  0.45423946]
103,positive,negative,MISS,"@USER Un√¶gtelig en knapt s√• positiv agenda til den kamp. For mig er der en forskel... og s√• n√¶vner jeg ikke engang, at det er mandag",[-0.07795966 -0.28853777  0.2850984 ],[0.3078974  0.24943253 0.44267005]
104,negative,negative,TRUE,@USER @USER H√•b er irrelevant. Ville gerne - under andre omst√¶ndigheder - have beholdt ham. Men jeg tror der er for meget der taler (for) tungt imod han bliver (√∏konomi + hans eget √∏nsker ift Zorniger nu er v√¶k). Havde han v√¶ret en lottokupon p√• en billig kontrakt havde det v√¶ret anderledes,[ 0.691863   -0.08027213 -0.81578034],[0.59401584 0.2744505  0.13153365]
105,negative,negative,TRUE,@USER @USER @USER @USER @USER @USER @USER Men det er imod loven det han g√∏r. Man m√• ikke provokere andre med vilje.,[ 1.4866147  -0.62421614 -1.1049994 ],[0.836095   0.10128228 0.0626227 ]
106,negative,positive,MISS,"@USER @USER Naturligsvis. Men nu handler det om at beskytte mandens ytringsfrihed. Og her er det s√• jeg siger, det fordrer han bruger den ytringsfrihed, som betaler for at beskytte, inden for lovens gr√¶nser",[ 1.3492664  -0.37040782 -1.2198602 ],[0.7963515  0.14264606 0.06100245]
107,negative,negative,TRUE,"@USER Det kan godt v√¶re at jeg sp√∏rger dumt, Hvorfor er det s√• illoyalt? Du m√• ogs√• meget kommentere mine stave- og sl√•fejl.√∏, det er s√• loyalt üëçüèº",[ 1.5343336  -1.0735861  -0.92229444],[0.86250675 0.06355612 0.07393711]
108,negative,negative,TRUE,"Asyltilstr√∏mning og asyltiltr√¶kning. Det er grim retorik vi ser fra @USER p√• deres pressem√∏de 9. april. Kan det undre nogen, at vi har b√•l, brand og hadpr√¶dikanter i gaderne, n√•r det er niveauet hos de folkevalgte? #dkpol [LINK]",[ 1.2721357 -0.709315  -0.7354223],[0.786049   0.10837185 0.10557915]
109,negative,negative,TRUE,"@USER @USER @USER @USER S√•√•√• din reference er et debat indl√¶g i et no name blad for 9 √•r siden?

Ovenst√•ende i tr√•den har jeg oplistet 3 politiske hj√∏rnesten, som alle har sammenfald med den yderste venstrefl√∏j

Det er bedst at acceptere historien og l√¶re af den... kunne venstrefl√∏jen godt tr√¶nge til",[ 0.5493123  -0.04694355 -0.6107321 ],[0.53638214 0.29547697 0.1681409 ]
110,negative,negative,TRUE,"@USER @USER @USER @USER Det er jo netop det, der er min opgave. At p√•pege fejlene og kritisere og s√• samtidig som byens avis st√∏tte byens hold. Du vil gerne ""acceptere kritik, n√•r du mener den er berettiget"" - ja, det vil alle vel. Men forskellen er s√• bare, hvorn√•r vi to mener den er det :-)",[ 1.298025  -0.5076765 -1.0799041],[0.79548067 0.1307445  0.07377481]
111,neutral,negative,MISS,"@USER Synes ikke man kan skrive det. Ligesom jeg ogs√• har det stramt med ‚Äúvirker til‚Äù, som rigtig mange bruger",[-0.4646148   0.29458323  0.27190334],[0.19137977 0.40889478 0.39972547]
112,negative,negative,TRUE,".@USER listen bakker selvf√∏lgelig op om deres psykopatiske voldsb√∏ller ... en skamplet for demokratiet, ikke v√¶rdig til at sidde i folketinget #dkpol #rasmuspaludan @USER [LINK]",[ 1.4712288 -0.9414278 -0.8873248],[0.8444991  0.07564769 0.0798532 ]
113,negative,negative,TRUE,"Vi er prisgivet de f√• psykiatri-uddannede der er. Psykologer, psykiatere, socialp√¶dagoger, psykiatri-sygeplejersker. En sosu kan s√∏rge for mad, pleje og opretholder en ""normal"" hverdag og tale med os, men de har ikke teorien med sig #sundhedsreform #dkpol #sundpol #Debatten",[ 1.4117825 -0.8994852 -0.7495154],[0.8235122  0.0816393  0.09484847]
114,positive,negative,MISS,@USER √Ürgerligt f√∏rste afsnit ikke kommer en runde f√∏r:) #ynwa,[-1.08678    0.22072    0.9341776],[0.08168289 0.30197507 0.616342  ]
115,negative,negative,TRUE,"@USER Det er bare underligt n√•r det staves s√•dan, men Leicester er jo osse m√¶rkeligt, s√•h √∏√∏h...?",[ 1.5927151 -1.1245452 -0.8941095],[0.8701485  0.05747807 0.07237343]
116,negative,negative,TRUE,"@USER @USER Det passer ikke helt Lars, selvom man godt kunne f√• mistanken. Jeg lavede en lille unders√∏gelse ig√•r. Kun 26% af tweets fra Venstres feed, handler om hva andre vil og g√∏r. Det er den store lysebl√• nede i h√∏jre hj√∏rne af kagen! [LINK]",[ 0.1900937   0.03297585 -0.33334616],[0.40864992 0.3492336  0.2421165 ]
117,positive,positive,TRUE,Fredagens Sikre valg fra den franske liga.. S√• blev det weekend igen og for√•ret ser ud til virkelig at have taget godt fat i Danmark og det er jo noget der f√•r hum√∏ret til at stige helt automatisk. [LINK],[-1.362412   0.5416444  1.0308626],[0.05358379 0.35971177 0.5867045 ]
118,neutral,neutral,TRUE,"Fremtidens energil√∏sninger findes. Hvordan kommer vi i gang? üîã

Forsker fra @USER forklarer i @USER, hvor vi st√•r i forhold til de tre st√∏rste udfordringer lige nu.

[LINK]

#dkvid #dkforsk #dktech #dkgreen #dkenergi #dkklima #redverden [LINK]",[-1.2075521   1.1690894   0.31177273],[0.06120769 0.6591258  0.27966648]
119,neutral,neutral,TRUE,"RT @USER: Kan du holde varmen, Sana? #agfsje #sldk [LINK]",[-1.5224663  0.866455   0.7961115],[0.04532487 0.4941194  0.4605557 ]
120,negative,negative,TRUE,"@USER @USER @USER @USER Ja, det er nemlig ret interessant. Udgangspunktet er at enten skal man opfylde specifikke krav - eller ogs√• skal FA vurdere at man ‚Äúl√∏fter niveauet markant‚Äù. Hvordan de s√• end vil vurdere det!",[ 0.6521986 -0.1066462 -0.7933277],[0.58691335 0.27479693 0.1382897 ]
121,neutral,neutral,TRUE,Vendsyssel F.F. scorer til 1-0 efter 39 minutter #VENAaB #sldk [LINK],[-1.7113018  1.1217347  0.6643825],[0.03477612 0.5910895  0.37413442]
122,neutral,negative,MISS,Stof til eftertanke #dkpol Regnearksledelse har smadret vores system [LINK],[-0.30035388  0.26544344  0.14753193],[0.23116839 0.40705314 0.36177856]
123,neutral,negative,MISS,"Her giver @USER en rammende analyse af dagens pressem√∏de: ""Det er us√¶dvanligt at se et pressem√∏de, hvor et regeringsparti bruger hele tiden p√• at g√• til angreb p√• en konkurrent i stedet for at pr√¶sentere noget nyt"" [LINK] #dkpol #fv19",[-0.54442346  0.68481857 -0.09681814],[0.16713467 0.57137287 0.26149243]
124,neutral,neutral,TRUE,"Gr√¶nsekontrollen forl√¶nges igen, og igen er det med yderligere seks m√•neder [LINK] Den stod til at udl√∏be 11. maj",[-1.3514609   1.4731245   0.02489343],[0.0458413  0.7726072  0.18155156]
125,neutral,negative,MISS,Donald Tusk - pr√¶sident for EU og sassy comebacks. [LINK],[-1.2217375   1.2898133   0.10818799],[0.05846315 0.72050154 0.22103529]
126,positive,positive,TRUE,"Go'mor'n. √ònsker alle (ikke @USER og @USER) en vidunderlig dag ‚ò∫Ô∏è 
I √∏vrigt mener jeg et X ved @USER giver os 4 lange √•r med L√∏kke og DF üòü 
G√∏r venligst en ene-st√•ende undtagelse og v√¶lg @USER, @USER eller @USER üôèüèæüòç 
#dkpol #dkmedier #fv19 [LINK]",[-0.39589214 -0.40127912  0.8122939 ],[0.1871946  0.1861889  0.62661654]
127,neutral,neutral,TRUE,"@USER @USER Og det understreger pointen i, at man m√•ske skal holde lidt p√• s√•dan nogle billeder.",[-0.6179795  0.9168943 -0.2059389],[0.13984771 0.6489969  0.21115546]
128,positive,positive,TRUE,"Tillykke med dagen, @USER ‚ù§Ô∏è [LINK]",[-1.1434888   0.03995048  1.159165  ],[0.07009539 0.22890253 0.70100206]
129,neutral,positive,MISS,"I dag kan du m√∏de illustrator Katrine Louise Jakobsen p√• #skolemessen og se et v√¶rk blive til (PS: du kan ogs√• vinde det!) 
#illustrator #skolechat [LINK]",[-1.5655266   1.0569465   0.58924776],[0.04274293 0.5885589  0.36869815]
130,negative,neutral,MISS,@USER @USER Men hvis han bliver tilbudt en √•rsl√∏n p√• 40-50 millioner og FCK f√•r 100 for ham s√• er det nok sv√¶rt at sige nej til,[ 0.672091    0.16611604 -0.8953007 ],[0.55202687 0.33282664 0.11514649]
131,positive,positive,TRUE,673' Vi er 6.821 i Aalborg. Her af mange fra #Aarhus. 1000 tak for st√∏tten ‚ù§Ô∏è‚ö™Ô∏è 2-1 #aabagf,[-1.4366081   0.55826855  1.0120542 ],[0.05019034 0.36896408 0.5808456 ]
132,neutral,neutral,TRUE,"Nicki Bille er blevet udskrevet fra hospitalet, bekr√¶fter en kilde t√¶t p√• ham til B.T..

L√¶s mere her üëá

[LINK] [LINK]",[-1.4436647   1.4347484   0.20449844],[0.04169542 0.7415958  0.21670878]
133,positive,neutral,MISS,@USER Jeg t√¶nker man mere dybdeg√•ende skulle udfordre vores system og stille laaaangt flere kritiske sp√∏rgsm√•l til dem der virkelug styrer #dkpol og #dkmedier her lidt inspiration [LINK],[-0.49508315  0.21709733  0.26123032],[0.19346705 0.39436924 0.4121637 ]
134,negative,neutral,MISS,"@USER @USER @USER @USER @USER Orb√°ns parti, Fidesz, kan vel stadig deltage i m√∏der for @USER-gruppen? De er vel kun suspenderet fra EPP-partiet. Eller har jeg misforst√•et? I√∏vrigt en suspendering som @USER forudsiger ikke resulterer i, at Orb√°n ‚Äúretter ind‚Äù. #dkmedier #eudk",[ 1.3659359 -0.4716805 -1.130167 ],[0.8054111  0.12821856 0.06637032]
135,negative,neutral,MISS,"@USER @USER Det er et brud p√• karmaloven at referere til Onkel Dannys Plads.
[LINK]
[LINK]",[ 0.61044455  0.36179546 -0.9990106 ],[0.50508875 0.39389524 0.10101601]
136,positive,negative,MISS,@USER @USER @USER Den m√• du gerne uddybe!?!,[-0.07504005 -0.05183791  0.00697553],[0.3216524 0.3292027 0.3491449]
137,negative,neutral,MISS,"@USER Hvad tror du, Chelsea t√¶nker lige nu? At det var godt for os, at City spillede midtugekamp? Jeg siger bare, at den slags ikke kan puttes p√• en formel.",[ 1.0417929  -0.07927793 -1.0397398 ],[0.6893369  0.224676   0.08598711]
138,negative,neutral,MISS,@USER Det er ikke den bedste dag herude..,[ 0.60755056 -0.6861834  -0.22887518],[0.58565116 0.16061181 0.2537371 ]
139,neutral,positive,MISS,"Semler-chef om opk√∏bt konkurrent: Det er Danmarks-mesteren i maskinhandel Hamrende dygtige, lyder skudsm√•let fra Semler Agros direkt√∏r til Herborg Maskinforretning, som nu bliver en del af Semler Agro. [LINK]",[-1.5302802   1.196454    0.55462795],[0.04110702 0.6282342  0.33065876]
140,neutral,positive,MISS,"Han havde mange talenter med ind i livet,men lystfiskeriet var hans st√∏rste favorit. [LINK]",[-1.2695147  1.0252867  0.5087169],[0.05937593 0.5891555  0.3514686 ]
141,negative,negative,TRUE,@USER Det vil sige at man v√¶lger at g√• l√¶ngere og l√¶ngere v√¶k fra det der tiln√¶rmelsesvis virkede 1 gang. Nemlig flere indgange opdelt efter numre. Nu v√¶lger man at sk√¶re ned til 1! indgang. Det er ikke godt v√¶rtsskab fck. Hold da op det er sv√¶rt at yde en god service for os derinde,[ 0.7901569  -0.33127666 -0.7133597 ],[0.6459283  0.21045148 0.14362015]
142,positive,negative,MISS,"Engang var Tour de France noget, jeg skyndte mig hjem for at se. Fede togter, k√¶mpe rivaliseringer og sp√¶ndende ryttere. 
Nu kommer det til Danmark, og jeg er s√•‚Äôn lidt [LINK]",[-0.8998238   0.04645777  1.0002656 ],[0.09744114 0.2510194  0.65153944]
143,neutral,neutral,TRUE,Aarhus og @USER vil s√¶tter indskolingseleverne fri af de nationale test #skolechat #skolepol #uddpol #kompoldk [LINK],[-1.1127707   1.057668    0.30222854],[0.07205331 0.6313404  0.29660633]
144,neutral,neutral,TRUE,"Overblik: Her er seks radikale krav til Mette Frederiksen, f√∏r hun kan blive statsminister B√•de p√• udl√¶ndingeomr√•det, klima og √∏konomi har Morten √òstergaard stillet krav til, hvad S-formanden skal g√∏re, f√∏r hun kan blive statsminister med hans st√∏tte. [LINK]",[-1.0813906  1.3663024 -0.0363556],[0.0649134  0.7505055  0.18458112]
145,negative,neutral,MISS,@USER @USER S√• m√• I da vist tr√¶de ud af det nuv√¶rende samarbejde med DF og de andre og m√•ske g√• i spidsen for en gr√∏n blok? Pape som statsminister for en gr√∏n regering. Det ville v√¶kke begejstring blandt fortidens Konservative! For inspiration se [LINK] @USER,[ 1.0826126  -0.46631515 -0.8804375 ],[0.73915017 0.15705143 0.10379844]
146,negative,negative,TRUE,@USER Nooo det er bare s√• skidt,[ 0.6959521  -0.9108542  -0.09222028],[0.6041559  0.12114958 0.2746946 ]
147,neutral,neutral,TRUE,@USER @USER @USER @USER Hvorn√•r kommer det online?,[ 0.07416952  0.94547516 -0.8591004 ],[0.26431987 0.6317322  0.10394793]
148,neutral,neutral,TRUE,Trecifret millioninvestering i Aarhus Lufthavn [LINK],[-1.3627651   1.5486188  -0.03760849],[0.04320589 0.7942201  0.162574  ]
149,neutral,neutral,TRUE,"@USER @USER Indr√∏mmet, jeg har ikke unders√∏gt det grundigt, men flere medier skriver, at klippet er taget ud af kontekst. 
[LINK]",[-0.6073855   1.0650439  -0.40980947],[0.13256384 0.70591426 0.16152185]
150,positive,positive,TRUE,"Sp√¶ndende udvikling i #kenya som vil betyder meget for fremskridt mod #verdensm√•lene. Og det bygger p√• en ikke helt ny, men stadig utrolig vigtig innovation: offentlige investeringer i velf√¶rd! #dkaid #dkpol [LINK]",[-0.5943965  -0.23865534  0.95613635],[0.14003211 0.19985916 0.66010875]
151,positive,positive,TRUE,"RT @USER: I like I like
my girls my women
just like l‚Ä¶",[-0.32584515 -0.52199453  0.8321768 ],[0.1997795  0.16419666 0.6360239 ]
152,positive,positive,TRUE,"Der er analyse, underholdning og stjernest√∏v for alle pengene i denne uges udgave af Holm &amp; Bays #radiotour. D‚Äôherrer analyserer LBL og Fuglsangs fantastiske sejr. Netop Fuglsangs for√•rsnemesis, Alaphillippe, er med p√• telefon. Og s√• g√∏r vi status over klassiker-s√¶sonen. Se med! [LINK]",[-1.4212472  0.7967646  0.8518929],[0.05025406 0.46178678 0.4879591 ]
153,negative,neutral,MISS,@USER @USER @USER @USER Jeg ser det nu mere som drilleri overfor Fischer fordi han er en god spiller og ser lidt godt ud. Der er en lang tradition for at synge alverdens ting mod dine modstandere i fodbold og det beh√∏ver ikke at stikke s√• dybt.,[ 0.7335974  -0.48458827 -0.46779466],[0.62635386 0.18525435 0.18839172]
154,negative,negative,TRUE,"@USER @USER @USER @USER Jeg har h√∏rt programmet. Jeg var simpelthen ikke rigtig overbevist af hendes fors√∏g p√• at retf√¶rdigg√∏re, at det er helt ok at ops√∏ge p√•r√∏rende til myrdede ved deres hovedd√∏r, men superforf√¶rdeligt at lave en podcast, der prim√¶rt gentager ting, der allerede har st√•et i pressen.",[ 1.1730502 -0.5009827 -0.8878029],[0.76055187 0.14259541 0.0968527 ]
155,negative,positive,MISS,"@USER @USER @USER @USER BS til fjolserne der nu kan koste os endnu en b√∏de for homofobiske tilr√•b - mon ikke pengene til spillerl√∏nninger og b√∏der betales fra samme kasse.
B√Ö Samspillet mellem tribunerne er p√• vej op - det kan godt bli' vildere :-)",[ 1.4702975  -0.82478803 -0.96792513],[0.84170216 0.08480383 0.07349398]
156,neutral,negative,MISS,Nationalmuseets skib skulle have v√¶ret autentisk under d√¶k: Det bliver det ikke #sydfyn #fynsamtsavis [LINK],[-0.7881292   0.5193301   0.45066527],[0.12272619 0.45369047 0.42358336]
157,positive,neutral,MISS,"""J√ºrgen Klopp always taught us that the problem is not losing a duel, but not covering it"".

F√∏rste del af s√¶tningen forklarer, hvorfor Matip er p√• holdet - anden del van Dijk.

[LINK]",[-0.535851   -0.02916539  0.6952416 ],[0.16434526 0.27277717 0.56287754]
158,positive,positive,TRUE,"S√• er det for√•rüåºüòé‚òÄÔ∏è √Örets f√∏rste gin tonic i g√•rdenüç∏
#hyggep√•boulevarden #for√•rinummerotte [LINK]",[-1.3263571   0.31621918  1.0346745 ],[0.05962905 0.3081908  0.63218015]
159,negative,negative,TRUE,"Idioter, halvhjerner og skabninger i menneske kroppe m√• v√¶re dem, der laver h√¶rv√¶rk p√• noget mennesket af natur skal bruge. At skabe og bygge noget op, kr√¶ver evner, intelligent og dygtighed. At √∏del√¶gge, smadrer og knuse er primitive mennesker. [LINK]",[ 1.5261981 -0.9090231 -0.8320035],[0.84590304 0.07408281 0.08001412]
160,negative,negative,TRUE,"Det har splittet politiske fl√∏je. Samlet dem igen frem mod en valgkamp og sat dem i sv√¶re dilemmaer, for nu at blive en kilde til strid i r√∏d blok, hvor de Radikale, SF, Alternativet og Enhedslisten rejser skarp kritik af Socialdemokratiet. #dkpol [LINK]",[ 1.514184   -0.9200712  -0.81680673],[0.8439798  0.07398582 0.08203433]
161,neutral,negative,MISS,"@USER Og @USER f√∏rer til brud p√• ministeransvarsloven?
Hvorn√•r holder @USER det han udtalte til @USER i 2014 da han blev spurgt ind til problemerne omkring B√∏dskov?
#dkpol #dkmedier 
[LINK]",[ 0.04085185  0.7533434  -0.7685132 ],[0.28700942 0.585231   0.12775958]
162,negative,negative,TRUE,"Det er jo ordstyreren, der bestemmer. Naivt at tro, det ikke bliver afg√∏rende ved valget. #dkpol [LINK]",[ 1.6397597 -1.0807819 -0.9100798],[0.87417686 0.05755501 0.06826814]
163,negative,positive,MISS,Verdens bedste parti-fe fylder 85 √•r. Hvilken alder. Hvilken kvinde. Hvilket liv. @USER hepper og sender de gr√∏nneste f√∏dselsdagshilsener til the one and only: Jytte Abildstr√∏m. #dkpol [LINK],[ 1.0957708 -0.8460273 -0.5099338],[0.74394035 0.1067151  0.14934456]
164,negative,negative,TRUE,@USER @USER Pr√¶cis... Det er jo FREDENS religionüòè,[ 0.7466689  -0.712566   -0.39964148],[0.64506924 0.14992313 0.20500764]
165,negative,negative,TRUE,"Var Bitten Friis‚Äô hj√¶lper tilstede da hun blev interviewet @USER ? 
Meget dumt kan der siges om det der foreg√•r pt. men Bitten pigen hun tog da i den grad f√∏retr√∏jen p√• her, hold da op en idiot. [LINK]",[ 0.8680255  -0.7597331  -0.29761797],[0.6630899  0.13021044 0.2066997 ]
166,negative,negative,TRUE,"Tvivlen er v√¶k. Vi st√•r midt i klimakrisen. 

Det er tid til handling ... og ikke til tvivlsomme eksperimenter om at lade forhenv√¶rende, sn√¶versynede, klimafjendtlige, sorte politikere fors√∏ge at vende skuden. 

#gr√∏ntvalg #fv19 #dkpol #valgnu [LINK]",[ 1.5801319 -1.1297375 -0.768416 ],[0.86054575 0.05726545 0.08218879]
167,neutral,negative,MISS,Bla Bla Bla... Vi turde ikke sige DF imod..... Bla Bla Bla [LINK],[-0.32920766  0.5118424  -0.00255279],[0.21253428 0.49282458 0.29464114]
168,positive,positive,TRUE,"Jaaaaaaaaaaaaa vi er i slutspillet. 
Kampen ender 30-30 og da GOG sl√•r Ribe-Esbjerg HH indtager vi ottendepladsen.
Hvor er det godt g√•et af drengeneüëç
Smid dem et k√¶mpe Like.",[-0.6866843 -0.1930699  1.0268073],[0.12215192 0.20011252 0.67773557]
169,negative,negative,TRUE,Nu falder hammeren over Eva Kjer endnu engang p√• fiskeriomr√•det ‚öìÔ∏èüëÉüèº Ministeren kan forvente en n√¶se og dermed en h√•rd kritik fra Folketinget i sagen om fors√∏gsfiskeri i Storeb√¶lt #dkpol [LINK],[ 1.3841081  -0.92967266 -0.67090976],[0.815011   0.08059373 0.10439521]
170,negative,negative,TRUE,@USER Forst√•r ikke at man ikke jubler ved en Inter scoring. De beh√∏ver jo ikke r√•be spillerens navn eller noget. Men det der er bare dumt.,[ 1.6267593 -1.0264583 -1.0511434],[0.87786186 0.06182277 0.06031534]
171,neutral,neutral,TRUE,@USER Det er vel et sp√∏rgsm√•l om smag.,[-0.58858865  0.57676923  0.0986102 ],[0.16141504 0.5176694  0.32091552]
172,neutral,positive,MISS,@USER @USER M√•ske tage med til den store fine middag n√¶ste onsdag ü§™,[-1.5782777   0.87032455  0.721238  ],[0.04436259 0.51337105 0.44226635]
173,neutral,neutral,TRUE,@USER @USER @USER Fl√∏jten. Lort i fl√∏jten. üòâ,[-0.6641947   0.7490397  -0.19807623],[0.14918646 0.61304075 0.23777276]
174,neutral,negative,MISS,"@USER Ud fra den korte pr√¶sentation, mangler de at lave et ‚Äòmed-eller-uden-stilletter‚Äô filter. Da det klart er info de fleste kvinder √∏nsker at oplyse...:)",[-0.9145145   0.90426755  0.22467172],[0.09719523 0.59914505 0.30365977]
175,neutral,positive,MISS,"3000 Eintracht Frankfurt-fans rejser torsdag til Ukraine og Donetsk for at se deres hold i EL. Det er p√¶nt mange. Faktisk s√• mange, at det er det st√∏rste antal udebanetilh√¶ngere, Shakhtar Donetsk nogensinde har haft. International OG nationalt vel at m√¶rke! [LINK]",[-1.3425788   0.77886504  0.7742782 ],[0.05666311 0.4727502  0.47058675]
176,neutral,negative,MISS,Googles moderselskab Alphabet skovler penge ind - men t√•rnh√∏je omkostninger v√¶kker bekymring [LINK] [LINK],[-0.67187405  0.6934445   0.13844012],[0.13955595 0.5466366  0.31380755]
177,positive,neutral,MISS,"Lise Kaaberb√∏l, politiker og husmor, k√¶mpede for det gode skoleliv Billund: Det er ikke de fire √•r som politiker, der fylder. Heller ikke arbejdslivet, der nok var sp√¶ndende, og som tog en drejning undervejs. Det er familien, det hele drejer sig om. Det ‚Ä¶ [LINK]",[-0.37582266  0.17879866  0.29529923],[0.21286954 0.37066582 0.4164646 ]
178,positive,positive,TRUE,"S√• nu har jeg k√∏bt et regnbueflag, som kommer med p√• Sydsiden p√• s√∏ndag!üòÅ üåà. Og hvis nogen har et handicap-flag, kvindeflag, jydeflag eller andet relevant, s√• tager jeg ogs√• gerne det med. Jeg hader n√¶sten ingen, s√• l√¶nge de er Br√∏ndbyfans! #br√∏ndby #nejtilhomofobi",[-0.80325323  0.3456121   0.8119424 ],[0.10889114 0.34350926 0.5475996 ]
179,negative,negative,TRUE,Den her kvinde skulle man tro var spidskandidat til elitens fallitbo for venstrefl√∏jen ‚Ä¶ hun bestiller ikke andet end at kritisere bl√• blok - hvad siger @USER @USER ?? #dkpol #eudk [LINK],[ 1.5657184  -1.0917425  -0.90248847],[0.86590374 0.06072241 0.07337379]
180,negative,negative,TRUE,"@USER Fikser i s√• ogs√• lorte-vejnettet i randers, evt med en ny bro?
Ligesom den der meningsl√∏se vej ved mariager? (Det er jo √•benbart ikke kun kommunerne der skal betale for den slags)",[ 1.5282404  -0.78075737 -1.1132855 ],[0.85425305 0.08487924 0.06086763]
181,neutral,neutral,TRUE,"Hvis du ikke er i fanzonen og gerne vil h√∏re @USER-live. S√• kan du n√• det endnu. I panelet er @USER, @USER, @USER og Kasper Fisker. Skynd digüíõüíô [LINK]",[-1.0502832  0.6804399  0.4852628],[0.08858497 0.5000387  0.41137633]
182,positive,positive,TRUE,"@USER Ikke enig! Synes vi var godt med i det meste af kampen, og fantastiske individuelle pr√¶stationer fra fred og mctominay. √Ürgerligt at marginalerne(eller dommeren) ikke er med os. Var busquets blevet vist ud i f√∏rste halvleg i som han burde havde vi vundet 3-1",[-1.0029362  0.0702449  1.0919709],[0.08299198 0.24272408 0.6742839 ]
183,negative,negative,TRUE,@USER M√•ske? Er det deres fors√∏g p√• at f√• os til at glemme at de s√• holder fast i at borgere i yderomr√•derne ikke l√¶ngere har nogen lokale at holde ansvarlig for kvaliteten.,[ 1.5483401 -0.8926647 -1.0711511],[0.8621334  0.07506882 0.06279773]
184,negative,negative,TRUE,"@USER Nej, det var det ikke. Der er ogs√• derfor, at jeg har trukket det tilbage. 
Men hvad med dig selv? Jeg bem√¶rker, at du bruger gr√∏nlandsk flag-emoji. Er du overhovedet klar over, hvad det stolte fangerfolk har v√¶ret igennem? Og er du m√•ske fra Gr√∏nland?",[ 1.120441   -0.24253368 -1.0492027 ],[0.7298648  0.18677124 0.08336392]
185,negative,negative,TRUE,‚ÄúHvem er h√•rdest i landet her‚Äù kamp i Stm Sp√∏rgetime. Men ulogisk debat for vi vil selv sende udl.statsborgere ud men ikke modtage danskere ... #dkpol #ftlive,[ 1.0493467  -0.52695966 -0.7200645 ],[0.7261265  0.15011743 0.12375614]
186,negative,negative,TRUE,@USER Mon ikke tiden er inde til en dansk reaktion p√• disse umenneskelige forhold. Har vi protesteret overfor Sauderne.? [LINK],[ 1.543695  -0.7904729 -1.1230364],[0.85736084 0.08307061 0.05956854]
187,neutral,neutral,TRUE,"Fotovognen holdt p√• Vestmotorvejen i en 110 kmt zone. 180 k√∏rte for hurtigt 2 klip. H√∏jeste hastighed p√• 157 kmt 
#politidk",[-1.4787589  1.1995281  0.5399404],[0.04331131 0.63061833 0.3260703 ]
188,negative,neutral,MISS,@USER @USER @USER Det er hovedsagligt amerikanere af anden europ√¶iske herkomst jo üôÑ,[ 1.1909357  -0.54760194 -1.0031527 ],[0.7768575  0.13655388 0.08658862]
189,positive,positive,TRUE,@USER @USER @USER K√¶mpe tillykke til jer i Herning med udsigten til den vildeste finale üí™üèºüá©üá∞,[-1.2584637   0.23458326  1.0687363 ],[0.06369492 0.28348288 0.6528222 ]
190,negative,neutral,MISS,"@USER Etisk dilemma: Er det ikke ogs√• Vesten som har p√•duttet Afrika vores religion(er) og ‚Äòpr√¶vention er synd/skidt‚Äô? 
Jeg mener virkelig at de selv skal bestemme, men s√• skal Vestens (is√¶r USAs) bistand ikke l√¶ngere kunne kobles sammen med pr√¶ventionsmodstand.",[ 1.485139   -0.67302614 -1.1510217 ],[0.8423375  0.09732107 0.06034148]
191,negative,negative,TRUE,"Har v√¶ret tidligt oppe for at tale om ekstrem internetkultur og YouTube, der ikke bare tillader, men algoritmisk kuraterer ekstremt indhold. Yderst fordelagtigt for f√¶nomener som Paludan #dkmedier #DKpol @USER [LINK]",[ 1.2207931  -0.6529759  -0.85350496],[0.7817457  0.12003225 0.09822211]
192,negative,neutral,MISS,"@USER @USER N√•r folk der tror p√• islam tr√¶kker offerkortet, er det nok fordi de faktisk HAR v√¶ret ofre i #dkpol og #dkmedier igennem de sidste 25 √•r. Vi b√∏r alle v√¶re p√• vagt overfor str√∏mninger, hvor befolkningsgrupper l√¶gges for had og bliver gjort til skyldige i alle mulige problemer.",[ 1.4571722  -0.56379783 -1.1744605 ],[0.8302284  0.11002757 0.05974396]
193,negative,negative,TRUE,"N√•r nu alle @USER‚Äôere raser mod Alternativet (ja, det g√∏r jeg ogs√•) for at opstille en anti-vaxxer kandidat, s√• husk lige at de IKKE raser mod DF for at opstille racister og menneskerettigheds-modstandere.",[ 1.5801272  -1.139398   -0.86575544],[0.86763704 0.05718251 0.0751804 ]
194,neutral,neutral,TRUE,Besk√¶ftigelsesministeriet: Besk√¶ftigelsesminister Troels Lund Poulsens kommentar til ledig [LINK],[-1.3057382   1.495164   -0.09698688],[0.04805661 0.7909874  0.16095601]
195,neutral,neutral,TRUE,"HK Sydjylland s√∏ger en eventkoordinator elev Vi forestiller os, at du har afsluttet dit grundforl√∏b p√• en erhvervsskole, og nu er klar til at oms√¶tte dine opn√•ede f√¶rdigheder til t√¶nkning og l√∏sning? f√∏lg linket og l√¶s mere om den... [LINK]",[-1.4852566   1.2247117   0.44748545],[0.04359726 0.6552143  0.30118844]
196,negative,neutral,MISS,"@USER @USER Det er Paludans egen iscenes√¶ttelse.
Han m√• tale og demonstrere alt det han vil. P√• steder, der ikke forstyrrer offentlig orden.",[ 1.4657605  -0.61860955 -1.144009  ],[0.8347684  0.10383303 0.06139848]
197,neutral,neutral,TRUE,"@USER @USER @USER Jeg tror, at Solbakken vil k√¶mpe h√•rdt for at f√• den rigtige mand, s√• jeg ved ikke, hvis det glipper med Mudrazija. Men i sommerens vindue pr√∏vede FCK jo med Tibbling p√• sidste dag. S√• det var ikke rigtig et klart svar desv√¶rre.",[-0.14412092  0.28110707 -0.10871328],[0.28042772 0.42903736 0.2905349 ]
198,neutral,positive,MISS,I stedet for at flytte: Far og datter v√¶lter muren ind til nabo-butikken [LINK],[ 0.17025942  0.29439354 -0.22792466],[0.35667077 0.40381116 0.23951814]
199,positive,positive,TRUE,"S√• er vi i gang med √•rets repr√¶sentantskabsm√∏de hos @USER, hvor pr√¶sident @USER holder beretningen i selskab med mange hundrede dedikerede gr√∏nne ildsj√¶le. Hovedbudskabet er vigtigere end nogensinde f√∏r: Giv naturen plads! #dkgreen #dkpol [LINK]",[-1.3472235  0.6587941  0.7610393],[0.05999671 0.44599482 0.49400842]
200,negative,negative,TRUE,"@USER God journalistik er ikke bestemt af ejerskab, men udelukkende faglighed. Men det er s√• ikke den uvederh√¶ftige journalistik, der har lukket dit FB-medie, det er heller ikke DR, men kun det faktum, at der er mistanke om fusk med likes.",[ 1.5256453 -0.7898715 -1.1682421],[0.85738826 0.08463722 0.05797453]
201,positive,positive,TRUE,@USER @USER Og det har du gjort S√Ö godt @USER - vi kommer til at savne dig @USER,[-0.82319844  0.00889838  0.837151  ],[0.11683225 0.26849595 0.6146718 ]
202,negative,negative,TRUE,"@USER @USER Det er helt, helt skidt. I/du fuckede op. Jeres forsvar er vagt og uden effekt.",[ 1.0696466  -0.84739834 -0.59050465],[0.74785864 0.10996577 0.14217557]
203,positive,positive,TRUE,"S√• er vi ved at v√¶re klar til Finals, hvor vi skal jagte sejren. Det kan vi selvf√∏lgelig ikke g√∏re, uden en slagsang, som jeg har skrevet med inspiration fra Van Dijk sangen. H√∏r den via linket, og bliv forberedt p√• at st√∏tte VFF!

Link: [LINK]",[-1.4215199   0.8049277   0.82129145],[0.05079581 0.470719   0.47848514]
204,negative,positive,MISS,"Fremragende opsummering af problemerne ved Nordhaus' klimamodel.
Modellen er, foruden at v√¶re fagligt kritisabel, fyldt med subjektive vurderinger og iskold kynisk utilitarisme.
Den b√∏r aldrig anvendes af #dkpol til beslutninger om #dkgreen. [LINK]",[ 0.6114291  -0.83534706  0.07511877],[0.54938114 0.12928462 0.3213343 ]
205,neutral,neutral,TRUE,St√¶rekassen p√• Mors har danmarksrekord [LINK] [LINK],[-1.4353012   1.5275958   0.02362126],[0.04055927 0.78498226 0.17445846]
206,neutral,neutral,TRUE,"@USER @USER Jo jo, men med den tiltro, der er til Stage i Aarhus, kunne han vel godt have v√¶ret n√•et til Basel til de sidste 20 minutter, hvis han havde f√•et opkaldet i pausen?",[-0.6692398   0.6789694   0.03744666],[0.14539562 0.55984926 0.2947551 ]
207,positive,positive,TRUE,"Det blev i dag kun til et godmorgen og godnat !
Godnat !
 Efter at have v√¶ret sygemeldt i lang tid , er der megüëãüò±üíôet , som skal indhentes ! S√• det er bare om at sm√∏ge √¶rmerne op og g√• i gang !
‚ú®‚ù§üåπ [LINK]",[-0.5947183  -0.34192836  1.0940539 ],[0.12986264 0.1672128  0.70292455]
208,negative,neutral,MISS,"Burde det ikke v√¶re ‚Äúeller fritid‚Äù?
ü§î [LINK]",[ 1.3846905  -0.7804858  -0.85014814],[0.8185054  0.09390687 0.08758775]
209,negative,negative,TRUE,"Notre Dame de Paris en flammes. Macron l√¶gger sin planlagte take til side og tager istedet til stedet hvor ilden ravagerer. ‚ÄúCette esperance, pour que le pire n‚Äùadvienne pas - nous rebatirons cette cath√©drale parce que elle nous apartiens tous‚Äù, #NotreDameFire #eudk [LINK]",[ 0.60424966 -0.5034651  -0.25164726],[0.5697308  0.18818945 0.2420797 ]
210,neutral,negative,MISS,Ny rapport: Flere sultne afrikanere end nogensinde f√∏r [LINK] [LINK],[-1.2962524   1.4813788  -0.04149742],[0.04857231 0.7810856  0.17034206]
211,neutral,positive,MISS,"Robert Smith teaser flere detaljer om nyt The Cure-album: ¬ªDet er fucking fantastisk¬´

Roskilde Festivaler-hovednavnet The Cure fik i weekenden en h√¶der af de helt store, da de blev tildelt en plads i ‚ÄôRock &amp; Roll Hall of Fame‚Äô, og frontmand Robert Smith‚Ä¶ [LINK]",[-1.5859914  0.8671921  0.8080215],[0.04240401 0.49295926 0.46463677]
212,negative,negative,TRUE,"Kurven er jo ikke en kritik af sygehusene eller de kolleger, der arbejder der. Men det er alts√• et udtryk for en ressourceudvikling, der bare ser ud til at forts√¶tte. Jeg viste den f√∏rste gang for 4 √•r siden. Det er √•benbart sv√¶rt at √¶ndre? #sundpol [LINK]",[ 1.448416   -0.86588436 -0.7218423 ],[0.82441354 0.08148117 0.09410527]
213,positive,positive,TRUE,"@USER God kamp, her er der f√∏rst Buds til nationalmelodien per tradition üòÅ [LINK]",[-1.469136   0.6281144  0.9254682],[0.04973242 0.40500835 0.54525924]
214,negative,positive,MISS,@USER @USER Elsker din n√∏rdede hjerne üòÇüòò,[ 0.7366488  -0.8065693  -0.32234576],[0.64082164 0.13693865 0.22223972]
215,neutral,neutral,TRUE,Talte om Oscar-nattens show p√• @USER i morges - indslaget kan findes her. [LINK],[-1.4575036  1.420982   0.1570002],[0.04199438 0.7469673  0.2110383 ]
216,neutral,negative,MISS,"Ogs√• i Sverige laver den ene h√•nd initiativer med store CO2-emissioner til f√∏lge, mens den anden h√•nd laver lappel√∏sninger for at reducere emissionerne. #swgreen #dkgreen [LINK]",[-0.9546441   1.2627279  -0.13261168],[0.08026787 0.7371131  0.18261896]
217,neutral,negative,MISS,@USER @USER @USER Pr√∏v krigsudredningenüòÅ,[-1.4646013   1.0535      0.37727153],[0.05072701 0.62926966 0.32000333]
218,neutral,positive,MISS,@USER @USER Du f√•r kollegaomsorgsprisen ved n√¶ste uddeling ;),[-1.422602   1.3060982  0.2578166],[0.04612382 0.7062926  0.24758351]
219,negative,neutral,MISS,Gambias afsatte diktator Jammeh stod i spidsen for en velsmurt plyndringsmaskine i det lille fattige land. Ny rapport peger p√• det utrolige omfang og metoderne bag. Mange af de involverede sidder stadig ved magten i det nye Gambia #dkmedier #dkaid #dkpol [LINK],[ 0.67913795 -0.25812316 -0.47281352],[0.5855766  0.22936986 0.1850536 ]
220,negative,positive,MISS,"@USER @USER Selvf√∏lgelig! Detver jo en regul√¶r skandale, at jeres krus ikke er en del af min samling. Jeg har trods alt tre andre podcastkrus!",[ 1.4219093 -0.9549374 -0.8454487],[0.8358211  0.07760002 0.08657894]
221,neutral,negative,MISS,@USER @USER Vi holder ikke avis. ü§∑üèº‚Äç‚ôÄÔ∏è Men jeg skal nok oppe mig... [LINK],[-0.47821614  0.7614824  -0.30671874],[0.17725301 0.61233324 0.21041368]
222,neutral,neutral,TRUE,@USER @USER @USER @USER @USER @USER @USER @USER Og i det hele taget for hvilke personoplysninger der kan databehandles uden samtykke (deling er kun √©n form for behandling),[-0.13821137  0.78715503 -0.65393686],[0.24272673 0.61234915 0.14492418]
223,negative,positive,MISS,@USER Det er bare s√• sk√∏nt at se folk demonstrere mod had. Vi lever i et land hvor du kan miste livet for din mening. Sk√∏nt at se at nogen g√∏r noget!,[ 0.98008597 -1.1627771  -0.19453856],[0.70113766 0.0822564  0.21660592]
224,neutral,neutral,TRUE,Ledelse gav sygeplejersker mundkurv p√•: Tal ikke om gidseltagning [LINK] [LINK],[-1.228005    1.4369576   0.12388936],[0.05199625 0.7470517  0.20095204]
225,negative,negative,TRUE,@USER Det er vel egentlig ikke provokationen der er det v√¶rste. De provokerede er jo helt udenfor demokratisk r√¶kkevidde. Jeg tager afstand fra racismen men jeg mener at vi b√∏r g√∏re meget mere ved at vi kan miste livet p√• at sige vores mening. Det er bare ikke dansk,[ 1.6411234 -0.9797815 -1.0984576],[0.8792489  0.06395394 0.05679719]
226,positive,positive,TRUE,B√¶redygtig beton er fremtiden. √Örets bedste projekt - Sydhavnens Genbrugscenter l√∏b med B√¶redygtig Beton prisen 2019. 40 pct. af betonen i centret er knust genbrugsbeton &amp; - ja s√• er det jo designet til genbrug üëçüèºüá©üá∞ Tillykke üá©üá∞ #dkbiz #jegelskerbeton #byggeri [LINK],[-0.5124837  -0.14343087  0.6846046 ],[0.17370677 0.25124323 0.57505   ]
227,neutral,neutral,TRUE,Sommerrock f√•r en socialansvarlig lillebror p√•¬†Axeltorv [LINK] [LINK],[-1.4441283   1.4878415   0.05296911],[0.04126561 0.77433085 0.1844036 ]
228,negative,neutral,MISS,@USER @USER @USER Hehe der er altid gr√¶nse tilf√¶lde Har intet imod du dyrker din tro bare det ikke sker i det offentlige rum til gene for andre og du stiller krav baseret p√• din tro som vi skal tage hensyn til. B√¶rer din kone t√∏rkl√¶de mm?,[ 1.1773006  -0.37575808 -1.0790424 ],[0.7596864  0.16074948 0.07956409]
229,negative,negative,TRUE,"Hvis Danmark indf√∏rer permanent gr√¶nsekontrol, ryger vi ud af Schengen og mister dermed adgang til SIS. Det vil if√∏lge St√∏jberg g√∏re det ""mere vanskeligt at udf√∏re en effektiv gr√¶nsekontrol‚Äù. Hvad t√¶nker @USER om det? #dkpol #eudk [LINK]",[ 1.5481803 -0.8654766 -0.9649022],[0.85433173 0.07645196 0.06921635]
230,neutral,neutral,TRUE,RT @USER: I @USER mener vi at et nyt SU-system skal geares til videreuddannelse #uddpol [LINK],[-1.410694    1.1231652   0.40137577],[0.05069669 0.63888204 0.3104213 ]
231,negative,negative,TRUE,"@USER nedtur !! ‚Äú... der bliver banket l√∏s p√• DF-t√∏nden fra alle sider‚Äù #dkpol Dansk Folkeparadoks: Der er fulgt 155.807 problemer med Thulesens strategi, og stopper det her? [LINK]",[ 1.1513717 -1.0417897 -0.3758894],[0.75261927 0.08396483 0.16341588]
232,positive,neutral,MISS,"@USER Okay, m√•ske ikke lige h√©r er stedet til den kommentar.",[-0.556977    0.09242608  0.46221915],[0.17589024 0.3367239  0.48738593]
233,neutral,neutral,TRUE,"@USER K√∏rer selv til Roskilde engang om m√•neden med min datter selv om vi bor i Horsens, fordi jeg ved at det er der hun f√•r den bedste behandling.",[-1.0271561   0.98402387  0.27950376],[0.08219667 0.614184   0.30361927]
234,negative,negative,TRUE,"@USER S√• m√• i fucking til at droppe fort√¶llingen om at nedsk√¶ringer er n√∏dvendige og totalt droppe VLAK's √∏konomiske politik. Kom nu igang med at f√∏re egentlig socialdemokratisk politik og hj√¶lp arbejderne, de arbejdsl√∏se og de udsatte. F√∏r stopper det ikke!",[ 1.6053201 -1.0130991 -1.0524476],[0.8748734  0.06379405 0.06133259]
235,negative,negative,TRUE,@USER Middelklassen. Er tr√¶ngt. Ja det har altid v√¶ret de rige og fattige man har haft fokus p√•. ‚ù§Ô∏è .,[ 0.96501654 -0.565303   -0.7399225 ],[0.7151797  0.15481244 0.13000783]
236,negative,negative,TRUE,"@USER Var inde og se 3-3 kampen mod AaB, hvor to drenge bag mig sp√∏rger manden de er inde med hvad de skal g√¶re af deres affald, han svarede at de bare skulle l√¶gge det, for der kom nogen og gjorde rent bagefterüò±. P√• vej ned gennem t√•rnet stod 4 n√¶sten tomme skraldespande. Var i chok!",[ 0.39136985 -0.00102132 -0.40435195],[0.47021315 0.3176007  0.21218622]
237,negative,negative,TRUE,Der er noget skrivere har misforst√•et. Han skriver en neds√¶nkning vil give 7000 yderlige pladser og det er AGFS √∏nske. AGF har ikke noget √∏nske om at √∏ge kapaciteten til 27000 #ultratwitteragf [LINK],[ 1.4689213  -0.7530969  -0.89152336],[0.8314153  0.09011722 0.07846753]
238,negative,neutral,MISS,@USER @USER @USER @USER @USER @USER @USER Og l√¶ste du ikke Niggli et al?,[ 1.0934764  -0.11312092 -1.0579232 ],[0.70644677 0.21137853 0.08217476]
239,negative,neutral,MISS,"@USER Men Anders, dem der har tjent de store formuer har i den grad bidraget til dem der ikke var s√• heldige, som du kalder dem.",[ 0.6635144  -0.07604641 -0.72684956],[0.57927084 0.2764996  0.14422956]
240,negative,negative,TRUE,"Hvis jeg, mod forventning, nogensinde skulle engagere 3 strippere, s√• vil jeg ikke engagere de 3...Ligesom jeg ville forvente at h√∏re om deres politik &amp; ikke deres udl√¶gning af andres politik, n√•r de inviterer til pressem√∏de!
Direkte usk√∏nt med kraftig snert af desperation #dkpol [LINK]",[ 1.4887677  -1.1606911  -0.78617245],[0.8521571  0.06023852 0.08760436]
241,negative,negative,TRUE,"RT @USER: Afera Srebrnej to jeden wielki skandal. Prokuratura nie tylko wszczƒô≈Ça ≈õledztwo, ale potrafi≈Ça od razu wsadziƒá @USER‚Ä¶",[ 0.8701095  -0.61675096 -0.4590857 ],[0.6707936  0.1516539  0.17755249]
242,positive,positive,TRUE,"En kanalb√•d er lige sejlet forbi, manden der n√¶gter at komme op. B√•dens guide tager den cool med et ‚Äúanyways‚Äù og begynder at fort√¶lle om Christianborgs historie #dkpol [LINK]",[-0.6777326   0.46999267  0.54070556],[0.13275066 0.41829962 0.4489497 ]
243,negative,neutral,MISS,"@USER Konsekvensen ligger i, at ytringsfriheden altid bliver beskyttet, hvis der er brug for det. Dem der r√•ber b√∏sse efter en fodboldspiller, har ikke brug for beskyttelse",[ 1.4103472  -0.53908765 -1.1823646 ],[0.821577   0.11695519 0.06146782]
244,positive,neutral,MISS,"Ordn√∏rder. Hj√¶lp lige. Kan man godt skrive: ""I v√¶kker h√•b""? Kan ikke finde nogen eksempler. #twitterhjerne",[-0.25361758  0.06422336  0.29392377],[0.24371494 0.33490276 0.42138234]
245,negative,negative,TRUE,@USER @USER Kunne jo v√¶re fedt hvis S ville starte med at stoppe danske politikeres pensionsfest f√∏r de blander sig i private virksomheders forretninger... Lad aktion√¶rerne tage den med erhvervslivet. #dkpol,[ 1.5778701 -1.0362948 -1.0098245],[0.87075996 0.06376482 0.06547522]
246,positive,neutral,MISS,Joni Kaukos syv m√•l har direkte betydet ni point for Esbjerg. Forskellen p√• stor succes og alvorlig nedrykningstrussel. Det m√• v√¶re et seri√∏st kandidatur til s√¶sonens signing. #sldk,[-1.290241    0.7058163   0.81469107],[0.06036268 0.4442682  0.4953691 ]
247,neutral,positive,MISS,Dansk sejr p√• 28-17 over √òstrig. DK var bagud 2-5 efter 16 min #hndbld [LINK],[-1.6357063  1.1091156  0.6602535],[0.03774181 0.5873322  0.37492597]
248,positive,positive,TRUE,"@USER Jeg kan oplyse at du vil v√¶re ret vild med aporda. Vi plejer nu at ankomme i pickup, det g√•r ogs√•. At man kan bestille bord er nyt for mig :)",[-1.0480199   0.567791    0.60297424],[0.08893534 0.44751963 0.46354505]
249,negative,negative,TRUE,"@USER S√• skal alle fans ud og feje foran egen d√∏r. üßπSelv samme folk har p√• et tidspunkt kaldt en anden person for b√∏sse eller lignende, og det er fandme hellere ikke okay!",[ 1.2600696 -0.7739089 -0.7559214],[0.7911377  0.10349192 0.10537033]
250,negative,neutral,MISS,@USER @USER @USER Det er vel et sp√∏rgsm√•l om hvor undrede man stiller sig over for egne pr√¶misser?,[ 0.877387    0.14043476 -1.1116191 ],[0.6190411  0.29625466 0.08470424]
251,neutral,neutral,TRUE,Ramos erkender: Jeg begik en fejl mod Ajax [LINK],[-1.3725989   1.443355    0.09238831],[0.04537907 0.75824356 0.19637734]
252,positive,positive,TRUE,"Stort tillykke til Thise Mejeri, der er k√•ret som det mest b√¶redygtige varem√¶rke indenfor f√∏de- og drikkevarer af de danske forbrugere :) [LINK] #dkfood #b√¶redygtighed #mejeridk #thisemejeri [LINK]",[-0.9215152  -0.01984476  1.1053766 ],[0.09046359 0.22287649 0.6866599 ]
253,negative,negative,TRUE,"@USER @USER Skr√¶mmebilleder!!!!! Hvad d√¶len er det I g√∏r? Opmaner et skr√¶mmebillede, som oven i k√∏bet kan g√∏re det usikkert med regeringsskifte. I stiller det op som om, at DK kun har to valgmuligheder, DF eller RV's udl√¶ndingepolitik. Forkert, dumt, illoyalt og selvfedt.",[ 1.6282139 -1.0199925 -1.0221583],[0.8761148  0.0620097  0.06187555]
254,negative,negative,TRUE,"@USER @USER @USER @USER @USER @USER Tror det er ham der er lidt f√∏lelseskold. Lad ham v√¶re p√¶dagog en uge, s√• kan vi tage en recap.",[ 1.2575963  -0.51126903 -0.98903733],[0.78352654 0.13361193 0.08286157]
255,neutral,neutral,TRUE,"K√∏benhavnsk borgmester overr√¶kker pris til anti-israelsk bev√¶gelse, [LINK] [LINK]",[-1.0354627   1.2616112  -0.00151829],[0.07268934 0.72289836 0.20441231]
