,Unnamed: 0,Predicted Labels,True Labels,Misclassification,Text,Logit Values,Probabilities
0,0,positive,neutral,MISS,@USER Kl√¶k det √¶g!,[-0.63929296  0.33355     0.3575727 ],[0.15735075 0.4162642  0.42638507]
6,6,neutral,neutral,TRUE,"La oss si at Chelsea beholder Hazard. 
Kepa
Dave
Luiz
Rudi
Emerson
Jorghino
Kante
RLC
CHO
Hazard
Abraham

Men det viktigste er faktisk √• beholde Sarri.
Lukter gull neste √•r.
#carefree",[-0.22602789  0.14084728  0.07107323],[0.26391008 0.38087973 0.35521016]
11,11,neutral,positive,MISS,"@USER @USER @USER @USER Og her er den lille statistik, som @USER gjorde sit bedste for at skyde ned ;)

#esportdk #csgo #globaloffensive 

[LINK]",[-0.80291384  0.44308522  0.38012722],[0.1291874  0.4491079  0.42170465]
14,14,negative,negative,TRUE,@USER @USER Alle fersken-vingummier p√• et skib og ud af verden. Asap.,[ 0.25140572 -0.00298532 -0.27502578],[0.4226368  0.32770774 0.24965544]
16,16,neutral,neutral,TRUE,"@USER Ok s√• g√•r jeg i det mindste ikke glip af noget. Jeg lavede blogger-madder med avokado, hytteost og pocheret √¶g i stedt (er det stadig blogger mad hvis man ikke tager billede af det?)",[-0.4113981   0.28636315  0.11379571],[0.21276434 0.4274966  0.35973907]
21,21,positive,neutral,MISS,"@USER @USER Det vilde er, at Cruyff havde st√∏rre betydning i FC Barcelona som tr√¶ner end som spiiller üòÅüëçüèº",[-0.85232496  0.43571347  0.43656763],[0.12114701 0.4392388  0.43961415]
34,34,neutral,neutral,TRUE,Hurtigt overblik: Her er de vigtigste nyheder fra Finans tirsdag morgen [LINK] [LINK],[-0.96000165  0.5310793   0.42549723],[0.10594665 0.47060382 0.4234496 ]
41,41,neutral,positive,MISS,"Aktieinvesteringer giver erhvervslivet mulighed for at vokse og skabe arbejdspladser. Det er til gavn for hele DK. Deltag og h√∏r mere den 3. maj: ""B√∏rsforum: Et aktiemarked for de mange - ikke for de f√•‚Äù. [LINK] #flereb√∏rsnoteringer @USER @USER Cph",[-0.85971844  0.46586782  0.42673475],[0.11927031 0.44898015 0.43174952]
43,43,neutral,neutral,TRUE,"Stor forvirring tirsdag: Men dagen sluttede med, at 95 af kantonstyrets 150 storr√•dsmedlemmer i Vaud vedtog en 5G-bekymret resolution, som s√¶tter #5G p√• pause og afventer national milj√∏udredning.
Se Tabt Tr√•d p√• Facebook.
#dkpol #dktele #dkmedier #dkgreen [LINK]",[-0.82802546  0.480252    0.38564357],[0.12398324 0.45871258 0.41730416]
54,54,negative,negative,TRUE,@USER @USER Birn er vel mere en Borat eller Mr. Bean?,[ 0.6056189  -0.11386625 -0.5000154 ],[0.55005383 0.26787782 0.18206832]
59,59,neutral,negative,MISS,"@USER Bloker dem med det samme - jeg er blevet ringet op 13 dage i streg af et nummer fra Holland, der bare sm√¶kker p√•. üò¨",[-0.8514004  0.4543366  0.401343 ],[0.12209507 0.45058063 0.42732435]
63,63,neutral,neutral,TRUE,"@USER Nej, jeg √¶ndrer manuelt formation inde i kampen, og s√• sker denne bug",[-0.7112062   0.38500613  0.32118317],[0.14704637 0.4400817  0.4128719 ]
71,71,negative,negative,TRUE,Har tappet millioner fra varmekunder - enegikoncernen Eniig t√∏mmer kassen inden frasalg [LINK] #dkbiz #dkpol,[ 0.35123312  0.00644016 -0.36242828],[0.4549147  0.32224655 0.22283876]
72,72,neutral,neutral,TRUE,@USER Jeg synes at den isolationerede d√¶kning ogs√• har medf√∏rt en h√∏jredrejning af hele diskursens pr√¶misser -&gt; [LINK],[-0.12585446  0.21378371 -0.07998353],[0.2897393  0.40692124 0.30333945]
75,75,negative,neutral,MISS,@USER @USER @USER Jeg er tilb√∏jelig til at sp√∏rge dig; hvorfor?,[ 0.20100817  0.05753037 -0.29132256],[0.40362614 0.34967747 0.24669638]
77,77,neutral,positive,MISS,"STOLT over netop at v√¶re blevet genvalgt som folketingskandidat for Radikale Venstre p√• Frederiksberg!

Dermed vil jeg for en god ordens skyld v√¶re at finde p√• stemmesedlen til folketingsvalget i hele K√∏benhavn üòâ 
@USER #fv19 [LINK]",[-0.7503785   0.39099076  0.38266686],[0.13819502 0.43269587 0.42910907]
89,89,negative,negative,TRUE,"Hvordan sp√∏rger man en kilde: ‚ÄùEr du ikke-bin√¶r?‚Äù #dkmedier 
[LINK]",[ 0.694352   -0.13863389 -0.5625867 ],[0.5816412 0.2528681 0.1654907]
90,90,neutral,neutral,TRUE,"@USER @USER Erkender, at han ikke har v√¶ret prangende. Men forudsigelsen knytter sig nu ogs√• prim√¶rt til, at han er straffesparksskytte.",[-0.45561516  0.31705567  0.11293659],[0.20278832 0.43914673 0.35806498]
91,91,negative,positive,MISS,Er det sjovt at h√∏re fire √∏konomer snakke om renter og befolkningsudvikling i 25 minutter? Det var i hvert fald sjovt at lave. H√∏r med her (p√• engelsk). #dk√∏ko [LINK],[ 0.8588109 -0.3034332 -0.6066682],[0.64777297 0.20261268 0.14961438]
97,97,negative,positive,MISS,Godt oprids af situationen i Algeriet her #dkpol #dkmedier #dkaid [LINK],[ 0.13451274  0.12450372 -0.24697083],[0.37412706 0.3704011  0.25547177]
99,99,neutral,positive,MISS,@USER √¶respris g√•r i √•r til @USER - for at formidle forskning. Og for at have holdninger til tobak og alkohol - og for at f√• forebyggelse p√• den sundhedspolitiske dagsorden #sundpol #dkpol - tillykke [LINK],[-0.58923376  0.34605107  0.25426617],[0.17028733 0.43388173 0.3958309 ]
100,100,negative,negative,TRUE,Steen Jakobsen (V): Skammeligt at Lars L√∏kke ikke lytter til sit bagland [LINK],[ 0.30312118  0.0223477  -0.34117773],[0.43855223 0.33119437 0.2302533 ]
101,101,neutral,positive,MISS,"@USER @USER Sikkert nok, og du har ret i, at der ""altid"" er mange Br√∏ndby-folk med i Odense. Men den fine kulisse i dag skyldes ogs√• et p√¶nt Odense-fremm√∏de.",[-0.82766193  0.45035887  0.41098818],[0.12437067 0.44643208 0.42919728]
102,102,neutral,positive,MISS,"RT @USER: Det g√∏r vi nemlig üíöKom og del din mening med osü§ì
#dkpol #flerevedmere [LINK]",[-0.8466547   0.44514817  0.42954817],[0.12161972 0.44261578 0.43576452]
103,103,neutral,negative,MISS,"@USER Un√¶gtelig en knapt s√• positiv agenda til den kamp. For mig er der en forskel... og s√• n√¶vner jeg ikke engang, at det er mandag",[-0.7159718   0.3820537   0.34518167],[0.14518122 0.43528822 0.41953054]
111,111,neutral,negative,MISS,"@USER Synes ikke man kan skrive det. Ligesom jeg ogs√• har det stramt med ‚Äúvirker til‚Äù, som rigtig mange bruger",[-0.62343264  0.33498546  0.28713015],[0.16411497 0.427941   0.40794402]
116,116,neutral,negative,MISS,"@USER @USER Det passer ikke helt Lars, selvom man godt kunne f√• mistanken. Jeg lavede en lille unders√∏gelse ig√•r. Kun 26% af tweets fra Venstres feed, handler om hva andre vil og g√∏r. Det er den store lysebl√• nede i h√∏jre hj√∏rne af kagen! [LINK]",[-0.5845101   0.35378826  0.22485894],[0.17235082 0.44046476 0.38718444]
123,123,negative,negative,TRUE,"Her giver @USER en rammende analyse af dagens pressem√∏de: ""Det er us√¶dvanligt at se et pressem√∏de, hvor et regeringsparti bruger hele tiden p√• at g√• til angreb p√• en konkurrent i stedet for at pr√¶sentere noget nyt"" [LINK] #dkpol #fv19",[ 0.97748387 -0.35181487 -0.6562014 ],[0.6849918  0.18129185 0.13371645]
124,124,neutral,neutral,TRUE,"Gr√¶nsekontrollen forl√¶nges igen, og igen er det med yderligere seks m√•neder [LINK] Den stod til at udl√∏be 11. maj",[-0.7034889   0.46373582  0.25637305],[0.14653306 0.47081992 0.382647  ]
129,129,neutral,positive,MISS,"I dag kan du m√∏de illustrator Katrine Louise Jakobsen p√• #skolemessen og se et v√¶rk blive til (PS: du kan ogs√• vinde det!) 
#illustrator #skolechat [LINK]",[-0.9518331   0.50606006  0.4719034 ],[0.10582565 0.45472193 0.4394524 ]
135,135,negative,neutral,MISS,"@USER @USER Det er et brud p√• karmaloven at referere til Onkel Dannys Plads.
[LINK]
[LINK]",[ 0.35594425  0.04109488 -0.38568583],[0.45326075 0.33083448 0.21590477]
139,139,neutral,positive,MISS,"Semler-chef om opk√∏bt konkurrent: Det er Danmarks-mesteren i maskinhandel Hamrende dygtige, lyder skudsm√•let fra Semler Agros direkt√∏r til Herborg Maskinforretning, som nu bliver en del af Semler Agro. [LINK]",[-0.9180523   0.518371    0.42669052],[0.11058489 0.46507877 0.4243363 ]
140,140,neutral,positive,MISS,"Han havde mange talenter med ind i livet,men lystfiskeriet var hans st√∏rste favorit. [LINK]",[-0.8454487   0.4635792   0.39250717],[0.12268238 0.45424044 0.42307717]
143,143,neutral,neutral,TRUE,Aarhus og @USER vil s√¶tter indskolingseleverne fri af de nationale test #skolechat #skolepol #uddpol #kompoldk [LINK],[-0.5529773   0.41569024  0.17202213],[0.17546439 0.46224898 0.3622866 ]
146,146,neutral,negative,MISS,@USER Nooo det er bare s√• skidt,[-0.5056387   0.28042194  0.24447528],[0.18825391 0.41316715 0.39857894]
151,151,negative,positive,MISS,"RT @USER: I like I like
my girls my women
just like l‚Ä¶",[ 0.49097192 -0.17268297 -0.3586753 ],[0.51479214 0.2651003  0.2201075 ]
156,156,negative,negative,TRUE,Nationalmuseets skib skulle have v√¶ret autentisk under d√¶k: Det bliver det ikke #sydfyn #fynsamtsavis [LINK],[ 0.26067054  0.0441591  -0.36760187],[0.42756307 0.3443265  0.22811034]
157,157,neutral,neutral,TRUE,"""J√ºrgen Klopp always taught us that the problem is not losing a duel, but not covering it"".

F√∏rste del af s√¶tningen forklarer, hvorfor Matip er p√• holdet - anden del van Dijk.

[LINK]",[-0.10621697  0.25008023 -0.11293511],[0.29228348 0.4173901  0.29032642]
161,161,negative,negative,TRUE,"@USER Og @USER f√∏rer til brud p√• ministeransvarsloven?
Hvorn√•r holder @USER det han udtalte til @USER i 2014 da han blev spurgt ind til problemerne omkring B√∏dskov?
#dkpol #dkmedier 
[LINK]",[ 0.8300246  -0.27333352 -0.6147412 ],[0.6379355  0.21163839 0.15042603]
164,164,positive,negative,MISS,@USER @USER Pr√¶cis... Det er jo FREDENS religionüòè,[-0.5887622   0.30137536  0.30502734],[0.17007266 0.41420594 0.4157214 ]
167,167,negative,negative,TRUE,Bla Bla Bla... Vi turde ikke sige DF imod..... Bla Bla Bla [LINK],[ 0.5841812  -0.22288753 -0.38061273],[0.54727775 0.24417563 0.20854661]
171,171,negative,neutral,MISS,@USER Det er vel et sp√∏rgsm√•l om smag.,[ 0.91569656 -0.322442   -0.6183257 ],[0.66419154 0.19256467 0.14324382]
172,172,neutral,positive,MISS,@USER @USER M√•ske tage med til den store fine middag n√¶ste onsdag ü§™,[-0.92885804  0.48490024  0.45938802],[0.10965882 0.45084888 0.43949223]
173,173,neutral,neutral,TRUE,@USER @USER @USER Fl√∏jten. Lort i fl√∏jten. üòâ,[-0.30467874  0.2305781   0.09517867],[0.23812363 0.40668824 0.3551881 ]
177,177,negative,neutral,MISS,"Lise Kaaberb√∏l, politiker og husmor, k√¶mpede for det gode skoleliv Billund: Det er ikke de fire √•r som politiker, der fylder. Heller ikke arbejdslivet, der nok var sp√¶ndende, og som tog en drejning undervejs. Det er familien, det hele drejer sig om. Det ‚Ä¶ [LINK]",[ 0.32253063 -0.00846932 -0.33940426],[0.44761607 0.32148018 0.23090376]
178,178,neutral,positive,MISS,"S√• nu har jeg k√∏bt et regnbueflag, som kommer med p√• Sydsiden p√• s√∏ndag!üòÅ üåà. Og hvis nogen har et handicap-flag, kvindeflag, jydeflag eller andet relevant, s√• tager jeg ogs√• gerne det med. Jeg hader n√¶sten ingen, s√• l√¶nge de er Br√∏ndbyfans! #br√∏ndby #nejtilhomofobi",[-0.3370931   0.21073028  0.1110594 ],[0.23283419 0.40268314 0.36448267]
191,191,neutral,negative,MISS,"Har v√¶ret tidligt oppe for at tale om ekstrem internetkultur og YouTube, der ikke bare tillader, men algoritmisk kuraterer ekstremt indhold. Yderst fordelagtigt for f√¶nomener som Paludan #dkmedier #DKpol @USER [LINK]",[-0.59191275  0.39370131  0.18252446],[0.17097443 0.45811862 0.370907  ]
195,195,neutral,neutral,TRUE,"HK Sydjylland s√∏ger en eventkoordinator elev Vi forestiller os, at du har afsluttet dit grundforl√∏b p√• en erhvervsskole, og nu er klar til at oms√¶tte dine opn√•ede f√¶rdigheder til t√¶nkning og l√∏sning? f√∏lg linket og l√¶s mere om den... [LINK]",[-0.93387413  0.48281217  0.44725332],[0.10985608 0.45298424 0.4371597 ]
197,197,neutral,neutral,TRUE,"@USER @USER @USER Jeg tror, at Solbakken vil k√¶mpe h√•rdt for at f√• den rigtige mand, s√• jeg ved ikke, hvis det glipper med Mudrazija. Men i sommerens vindue pr√∏vede FCK jo med Tibbling p√• sidste dag. S√• det var ikke rigtig et klart svar desv√¶rre.",[-0.7574383   0.4002316   0.36057395],[0.1380972  0.43949556 0.4224073 ]
199,199,neutral,positive,MISS,"S√• er vi i gang med √•rets repr√¶sentantskabsm√∏de hos @USER, hvor pr√¶sident @USER holder beretningen i selskab med mange hundrede dedikerede gr√∏nne ildsj√¶le. Hovedbudskabet er vigtigere end nogensinde f√∏r: Giv naturen plads! #dkgreen #dkpol [LINK]",[-0.50788397  0.34165418  0.20942643],[0.18561548 0.43407416 0.3803104 ]
211,211,neutral,positive,MISS,"Robert Smith teaser flere detaljer om nyt The Cure-album: ¬ªDet er fucking fantastisk¬´

Roskilde Festivaler-hovednavnet The Cure fik i weekenden en h√¶der af de helt store, da de blev tildelt en plads i ‚ÄôRock &amp; Roll Hall of Fame‚Äô, og frontmand Robert Smith‚Ä¶ [LINK]",[-0.9567269   0.5053286   0.46655133],[0.10564656 0.45584577 0.43850765]
222,222,negative,neutral,MISS,@USER @USER @USER @USER @USER @USER @USER @USER Og i det hele taget for hvilke personoplysninger der kan databehandles uden samtykke (deling er kun √©n form for behandling),[ 0.71529484 -0.21280107 -0.52981853],[0.59410155 0.23485172 0.17104675]
233,233,neutral,neutral,TRUE,"@USER K√∏rer selv til Roskilde engang om m√•neden med min datter selv om vi bor i Horsens, fordi jeg ved at det er der hun f√•r den bedste behandling.",[-0.8367166   0.46366414  0.35324448],[0.12566529 0.46127883 0.41305596]
238,238,negative,neutral,MISS,@USER @USER @USER @USER @USER @USER @USER Og l√¶ste du ikke Niggli et al?,[ 0.66862786 -0.17595358 -0.51210856],[0.57577497 0.24743192 0.17679314]
242,242,neutral,positive,MISS,"En kanalb√•d er lige sejlet forbi, manden der n√¶gter at komme op. B√•dens guide tager den cool med et ‚Äúanyways‚Äù og begynder at fort√¶lle om Christianborgs historie #dkpol [LINK]",[-0.6836179   0.41318044  0.26585823],[0.15200067 0.45517558 0.39282373]
244,244,negative,neutral,MISS,"Ordn√∏rder. Hj√¶lp lige. Kan man godt skrive: ""I v√¶kker h√•b""? Kan ikke finde nogen eksempler. #twitterhjerne",[ 0.8418087  -0.30265933 -0.5497393 ],[0.6381282  0.2031757  0.15869613]
